2010-04-06,7.68,7.71,7.65,7.66,52000,6.84
2010-04-07,7.67,7.73,7.67,7.70,107000,6.88
2010-04-08,7.74,7.74,7.70,7.73,141000,6.91
2010-04-09,7.74,7.74,7.70,7.73,1376000,6.91
2010-04-12,7.74,7.83,7.74,7.81,478000,6.98
2010-04-13,7.84,7.85,7.80,7.83,507000,7.00
2010-04-14,7.85,7.86,7.83,7.83,160000,7.00
2010-04-15,7.85,7.87,7.83,7.87,188000,7.03
2010-04-16,7.87,7.90,7.80,7.80,243000,6.97
2010-04-19,7.80,7.88,7.75,7.77,434000,6.94
2010-04-20,7.78,7.84,7.78,7.84,31000,7.00
2010-04-21,7.84,7.88,7.83,7.85,57000,7.01
2010-04-22,7.82,7.85,7.80,7.82,187000,6.99
2010-04-23,7.82,7.88,7.80,7.82,182000,6.99
2010-04-26,7.87,7.87,7.83,7.85,279000,7.01
2010-04-27,7.85,7.88,7.82,7.85,160000,7.01
2010-04-28,7.80,7.83,7.80,7.83,4000,7.00
2010-04-29,7.80,7.85,7.80,7.84,70000,7.00
2010-04-30,7.85,7.90,7.81,7.85,107000,7.01
2010-05-03,7.93,7.93,7.85,7.91,234000,7.07
2010-05-04,7.93,7.95,7.91,7.95,293000,7.10
2010-05-05,7.94,7.97,7.90,7.94,1020000,7.09
2010-05-06,7.95,8.00,7.94,8.00,374000,7.15
2010-05-07,7.98,8.04,7.94,8.04,462000,7.18
2010-05-10,8.00,8.06,7.99,8.01,260000,7.16
2010-05-11,8.01,8.04,8.00,8.02,291000,7.16
2010-05-12,8.00,8.03,8.00,8.02,366000,7.16
2010-05-13,8.02,8.04,8.02,8.02,146000,7.16
2010-05-14,8.02,8.07,8.02,8.06,638000,7.20
2010-05-17,8.05,8.10,8.02,8.10,301000,7.24
2010-05-18,8.10,8.13,8.05,8.11,670000,7.25
2010-05-19,8.06,8.13,8.06,8.13,202000,7.26
2010-05-20,8.15,8.15,8.11,8.13,252000,7.26
2010-05-21,8.00,8.13,7.90,8.12,910000,7.25
2010-05-24,8.11,8.21,8.02,8.21,1250000,7.33
2010-05-25,8.21,8.23,8.10,8.22,847000,7.34
2010-05-26,8.19,8.25,8.11,8.14,196000,7.27
2010-05-27,8.13,8.15,8.13,8.14,380000,7.27
2010-05-28,8.16,8.16,8.10,8.16,18000,7.29
2010-05-31,8.15,8.24,8.15,8.23,65000,7.35
2010-06-01,8.28,8.28,8.23,8.25,90000,7.37
2010-06-02,8.28,8.28,8.24,8.25,22000,7.37
2010-06-03,8.26,8.27,8.24,8.27,41000,7.39
2010-06-04,8.27,8.27,8.25,8.25,11000,7.37
2010-06-07,8.20,8.23,8.20,8.23,22000,7.35
2010-06-08,8.23,8.25,8.23,8.25,12000,7.37
2010-06-09,8.20,8.26,8.20,8.26,232000,7.38
2010-06-10,8.27,8.27,8.27,8.27,13000,7.39
2010-06-11,8.27,8.35,8.27,8.31,147000,7.42
2010-06-14,8.31,8.39,8.31,8.39,121000,7.50
2010-06-15,8.40,8.90,8.35,8.80,178000,7.86
2010-06-17,8.80,8.80,8.70,8.78,97000,7.84
2010-06-18,8.80,8.82,8.71,8.80,77000,7.86
2010-06-21,8.79,8.80,8.79,8.79,87000,7.85
2010-06-22,8.79,8.80,8.78,8.78,193000,7.84
2010-06-23,8.78,8.80,8.74,8.74,77000,7.81
2010-06-24,8.74,8.74,8.64,8.64,114000,7.72
2010-06-25,8.50,8.60,8.49,8.58,57000,7.67
2010-06-28,8.59,8.64,8.55,8.56,30000,7.65
2010-06-29,8.64,8.64,8.51,8.51,55000,7.60
2010-06-30,8.53,8.58,8.39,8.50,21000,7.59
2010-07-01,8.44,8.50,8.41,8.48,18000,7.58
2010-07-02,8.54,8.54,8.42,8.50,17000,7.59
2010-07-05,8.52,8.52,8.42,8.44,19000,7.54
2010-07-06,8.40,8.43,8.40,8.40,57000,7.50
2010-07-07,8.41,8.45,8.40,8.41,38000,7.51
2010-07-08,8.47,8.47,8.41,8.41,155000,7.51
2010-07-09,8.40,8.45,8.40,8.40,54000,7.50
2010-07-12,8.40,8.45,8.40,8.45,114000,7.55
2010-07-13,8.41,8.45,8.40,8.40,120000,7.50
2010-07-14,8.45,8.45,8.40,8.40,45000,7.50
2010-07-15,8.41,8.45,8.40,8.40,75000,7.50
2010-07-16,8.42,8.42,8.42,8.42,1000,7.52
2010-07-20,8.45,8.45,8.40,8.40,64000,7.50
2010-07-21,8.40,8.43,8.35,8.43,63000,7.53
2010-07-22,8.38,8.40,8.36,8.40,36000,7.50
2010-07-23,8.47,8.98,8.47,8.87,391000,7.92
2010-07-26,8.98,8.98,8.83,8.87,321000,7.92
2010-07-27,8.85,8.88,8.79,8.86,154000,7.92
2010-07-28,8.79,8.88,8.75,8.79,93000,7.85
2010-07-29,8.80,8.80,8.69,8.69,109000,7.76
2010-07-30,8.69,8.72,8.60,8.69,91000,7.76
2010-08-02,8.73,8.73,8.60,8.60,55000,7.68
2010-08-03,8.68,8.68,8.59,8.59,101000,7.67
2010-08-04,8.59,8.59,8.46,8.57,96000,7.66
2010-08-05,8.59,8.59,8.43,8.53,145000,7.62
2010-08-06,8.53,8.58,8.43,8.44,319000,7.54
2010-08-09,8.44,8.51,8.44,8.50,206000,7.59
2010-08-10,8.54,8.58,8.50,8.58,78000,7.67
2010-08-11,8.61,8.64,8.53,8.57,88000,7.66
2010-08-12,8.63,8.64,8.61,8.62,34000,7.70
2010-08-13,8.65,8.68,8.61,8.68,43000,7.75
2010-08-16,8.70,8.77,8.70,8.77,69000,7.84
2010-08-17,8.77,8.80,8.77,8.78,92000,7.84
2010-08-18,8.90,8.90,8.78,8.87,99000,7.92
2010-08-19,8.87,9.39,8.87,9.08,380000,8.11
2010-08-20,9.00,9.06,8.95,9.00,68000,8.04
2010-08-23,9.00,9.28,9.00,9.05,195000,8.09
2010-08-24,9.10,9.10,8.96,9.00,172000,8.04
2010-08-25,9.00,9.01,8.91,8.92,219000,7.97
2010-08-26,8.92,9.00,8.92,8.99,178000,8.03
2010-08-27,8.99,9.00,8.96,8.99,60000,8.03
2010-08-30,8.98,9.01,8.96,9.00,387000,8.04
2010-08-31,9.00,9.00,8.95,8.95,445000,8.00
2010-09-01,8.95,8.99,8.91,8.95,127000,8.00
2010-09-02,8.91,8.98,8.80,8.90,192000,7.95
2010-09-03,8.95,9.00,8.91,8.95,106000,8.00
2010-09-06,8.98,9.00,8.95,8.98,81000,8.02
2010-09-07,9.00,9.10,9.00,9.01,442000,8.05
2010-09-08,9.10,9.10,9.00,9.02,221000,8.06
2010-09-09,9.02,9.02,8.96,9.00,112000,8.04
2010-09-10,9.08,9.08,8.96,8.99,82000,8.03
2010-09-13,9.00,9.01,9.00,9.01,401000,8.05
2010-09-14,9.01,9.01,8.99,9.01,96000,8.05
2010-09-15,9.00,9.01,8.98,9.00,282000,8.04
2010-09-16,9.00,9.00,8.98,8.98,55000,8.02
2010-09-17,9.00,9.00,8.98,8.98,74000,8.02
2010-09-20,9.00,9.00,8.96,8.96,307000,8.00
2010-09-21,8.99,8.99,8.96,8.99,160000,8.03
2010-09-23,8.96,8.99,8.95,8.95,71000,8.00
2010-09-24,8.99,9.00,8.96,8.97,171000,8.01
2010-09-27,9.00,9.00,8.95,8.95,280000,8.00
2010-09-28,8.95,8.99,8.95,8.95,319000,8.00
2010-09-29,8.97,8.97,8.95,8.96,139000,8.00
2010-09-30,8.96,8.97,8.94,8.94,52000,7.99
2010-10-01,8.93,8.95,8.92,8.95,130000,8.00
2010-10-04,8.98,8.98,8.92,8.92,243000,7.97
2010-10-05,8.92,8.95,8.92,8.92,84000,7.97
2010-10-06,8.98,9.00,8.94,8.96,240000,8.00
2010-10-07,9.00,9.01,8.96,8.96,228000,8.00
2010-10-08,9.00,9.00,8.95,8.97,314000,8.01
2010-10-11,9.00,9.00,8.97,9.00,371000,8.04
2010-10-12,9.00,9.00,8.95,8.95,67000,8.00
2010-10-13,8.98,9.00,8.91,8.97,339000,8.01
2010-10-14,9.00,9.00,8.97,9.00,148000,8.04
2010-10-15,9.00,9.00,8.97,8.98,250000,8.02
2010-10-18,9.00,9.00,8.98,8.98,100000,8.02
2010-10-19,8.98,9.00,8.96,8.97,137000,8.01
2010-10-20,8.95,8.98,8.95,8.96,40000,8.00
2010-10-21,8.98,8.98,8.90,8.90,55000,7.95
2010-10-22,8.97,8.97,8.90,8.92,50000,7.97
2010-10-25,8.95,8.98,8.95,8.98,88000,8.02
2010-10-26,9.00,9.00,8.98,8.98,35000,8.02
2010-10-27,8.97,8.98,8.97,8.98,75000,8.02
2010-10-28,8.99,9.00,8.98,9.00,802000,8.04
2010-10-29,9.01,9.06,9.00,9.01,872000,8.05
2010-11-01,9.02,9.19,9.01,9.07,623000,8.10
2010-11-02,9.07,9.07,9.01,9.01,449000,8.05
2010-11-03,9.01,9.04,9.00,9.01,729000,8.05
2010-11-04,9.01,9.05,9.01,9.02,710000,8.06
2010-11-05,9.02,9.08,9.02,9.03,875000,8.07
2010-11-08,9.04,9.06,9.04,9.04,596000,8.08
2010-11-09,9.04,9.06,9.04,9.05,333000,8.09
2010-11-10,9.05,9.06,9.04,9.05,423000,8.09
2010-11-11,9.05,9.06,9.04,9.04,202000,8.08
2010-11-12,9.04,9.07,9.03,9.05,390000,8.09
2010-11-15,9.02,9.05,9.02,9.03,203000,8.07
2010-11-16,9.03,9.08,9.03,9.05,144000,8.09
2010-11-17,9.04,9.10,9.04,9.05,190000,8.09
2010-11-18,9.05,9.06,9.04,9.05,158000,8.09
2010-11-19,9.04,9.05,9.04,9.04,142000,8.08
2010-11-22,9.04,9.06,9.04,9.04,146000,8.08
2010-11-23,9.05,9.15,9.05,9.08,502000,8.11
2010-11-24,9.05,9.55,9.05,9.28,425000,8.29
2010-11-25,9.20,9.30,9.17,9.29,270000,8.30
2010-11-26,9.29,9.30,9.24,9.30,455000,8.31
2010-11-29,9.30,9.50,9.30,9.45,572000,8.44
2010-11-30,9.45,9.45,9.38,9.38,404000,8.38
2010-12-01,9.38,9.44,9.38,9.40,508000,8.40
2010-12-02,9.40,9.44,9.40,9.41,482000,8.41
2010-12-03,9.41,9.44,9.41,9.41,263000,8.41
2010-12-06,9.41,9.42,9.40,9.42,329000,8.42
2010-12-07,9.42,9.43,9.41,9.42,209000,8.42
2010-12-08,9.42,9.43,9.40,9.40,280000,8.40
2010-12-09,9.40,9.40,9.32,9.35,199000,8.35
2010-12-10,9.35,9.35,9.28,9.34,222000,8.34
2010-12-13,9.34,9.34,9.33,9.34,187000,8.34
2010-12-14,9.34,9.35,9.34,9.35,178000,8.35
2010-12-15,9.35,9.35,9.33,9.33,230000,8.34
2010-12-16,9.33,9.39,9.33,9.33,213000,8.34
2010-12-17,9.33,9.33,9.31,9.32,309000,8.33
2010-12-20,9.32,9.32,9.31,9.32,147000,8.33
2010-12-21,9.32,9.32,9.31,9.32,108000,8.33
2010-12-22,9.32,9.32,9.30,9.30,188000,8.31
2010-12-23,9.30,9.31,9.30,9.30,225000,8.31
2010-12-24,9.30,9.31,9.29,9.29,166000,8.30
2010-12-27,9.28,9.28,9.20,9.25,166000,8.26
2010-12-28,9.23,9.23,9.20,9.20,70000,8.22
2010-12-29,9.20,9.28,9.19,9.28,143000,8.29
2010-12-30,9.21,9.21,9.15,9.21,227000,8.23
2010-12-31,9.21,9.21,9.20,9.21,310000,8.23
2011-01-03,9.26,9.26,9.21,9.21,49000,8.23
2011-01-04,9.25,9.25,9.20,9.20,58000,8.22
2011-01-05,9.20,9.20,9.20,9.20,35000,8.22
2011-01-06,9.25,9.25,9.25,9.25,1000,8.26
2011-01-07,9.25,9.25,9.16,9.19,72000,8.21
2011-01-10,9.10,9.18,9.10,9.11,55000,8.14
2011-01-11,9.10,9.13,9.10,9.13,34000,8.16
2011-01-12,9.18,9.21,9.18,9.21,5000,8.23
2011-01-13,9.21,9.28,9.20,9.24,75000,8.25
2011-01-14,9.24,9.24,9.19,9.19,67000,8.21
2011-01-17,9.23,9.25,9.19,9.19,57000,8.21
2011-01-18,9.20,9.21,9.19,9.19,69000,8.21
2011-01-19,9.23,9.23,9.23,9.23,3000,8.25
2011-01-20,9.19,9.23,9.16,9.18,104000,8.20
2011-01-21,9.18,9.18,9.14,9.18,116000,8.20
2011-01-24,9.18,9.18,9.16,9.16,15000,8.18
2011-01-25,9.18,9.36,9.18,9.20,13000,8.22
2011-01-26,9.21,9.21,9.12,9.15,121000,8.17
2011-01-27,9.20,9.20,9.14,9.18,65000,8.20
2011-01-28,9.18,9.18,9.18,9.18,40000,8.20
2011-02-08,9.25,9.25,9.18,9.19,124000,8.21
2011-02-09,9.18,9.20,9.18,9.20,77000,8.22
2011-02-10,9.20,9.20,9.19,9.19,76000,8.21
2011-02-11,9.18,9.18,9.14,9.15,68000,8.17
2011-02-14,9.18,9.18,9.18,9.18,15000,8.20
2011-02-15,9.14,9.15,9.00,9.15,183000,8.17
2011-02-16,9.10,9.15,9.10,9.15,25000,8.17
2011-02-17,9.15,9.20,9.15,9.19,64000,8.21
2011-02-18,9.14,9.20,9.14,9.19,150000,8.21
2011-02-21,9.19,9.22,9.19,9.22,93000,8.24
2011-02-22,9.22,9.22,9.14,9.14,298000,8.17
2011-02-23,9.14,9.18,9.12,9.12,242000,8.15
2011-02-24,9.12,9.12,9.08,9.12,105000,8.15
2011-02-25,9.11,9.12,9.09,9.12,34000,8.15
2011-03-01,9.12,9.12,9.09,9.12,151000,8.15
2011-03-02,9.12,9.12,9.10,9.12,114000,8.15
2011-03-03,9.00,9.10,8.98,9.05,90000,8.24
2011-03-04,9.09,9.09,9.05,9.06,51000,8.25
2011-03-07,9.08,9.08,9.02,9.07,10000,8.26
2011-03-08,9.10,9.10,9.04,9.09,42000,8.27
2011-03-09,9.09,9.10,9.09,9.09,38000,8.27
2011-03-10,9.06,9.06,9.05,9.05,32000,8.24
2011-03-11,9.04,9.05,9.03,9.05,40000,8.24
2011-03-14,9.02,9.05,9.01,9.05,151000,8.24
2011-03-15,9.01,9.03,8.94,9.02,164000,8.21
2011-03-16,9.00,9.00,8.96,8.96,76000,8.15
2011-03-17,8.90,8.90,8.81,8.90,46000,8.10
2011-03-18,8.90,8.90,8.90,8.90,11000,8.10
2011-03-21,8.90,8.91,8.90,8.91,20000,8.11
2011-03-22,8.92,8.92,8.91,8.91,20000,8.11
2011-03-24,8.90,8.90,8.90,8.90,37000,8.10
2011-03-25,8.90,8.95,8.90,8.95,13000,8.15
2011-03-29,8.90,8.91,8.90,8.91,24000,8.11
2011-03-30,8.93,8.94,8.93,8.93,16000,8.13
2011-03-31,8.94,8.98,8.94,8.94,110000,8.14
2011-04-01,8.95,8.95,8.95,8.95,10000,8.15
2011-04-06,8.98,8.98,8.92,8.96,82000,8.15
2011-04-07,8.93,8.93,8.93,8.93,75000,8.13
2011-04-08,9.02,9.02,8.94,8.94,131000,8.14
2011-04-11,8.99,8.99,8.99,8.99,35000,8.18
2011-04-12,9.00,9.00,8.97,8.98,29000,8.17
2011-04-13,8.98,9.00,8.98,9.00,67000,8.19
2011-04-14,9.04,9.08,9.04,9.08,44000,8.26
2011-04-15,9.08,9.09,9.00,9.02,45000,8.21
2011-04-18,9.05,9.05,9.01,9.05,72000,8.24
2011-04-19,9.09,9.09,9.01,9.01,61000,8.20
2011-04-20,9.09,9.20,9.01,9.16,202000,8.34
2011-04-21,9.16,9.16,9.10,9.15,9000,8.33
2011-04-22,9.12,9.12,9.11,9.11,52000,8.29
2011-04-25,9.16,9.16,9.07,9.10,51000,8.28
2011-04-26,9.10,9.10,9.07,9.09,33000,8.27
2011-04-27,9.09,9.15,9.09,9.12,36000,8.30
2011-04-28,9.12,9.15,9.08,9.08,13000,8.26
2011-04-29,9.15,9.15,9.06,9.08,93000,8.26
2011-05-03,9.08,9.10,9.06,9.06,204000,8.25
2011-05-04,9.07,9.13,9.06,9.13,51000,8.31
2011-05-05,9.10,9.13,9.09,9.13,49000,8.31
2011-05-06,9.14,9.14,9.08,9.13,120000,8.31
2011-05-09,9.15,9.21,9.09,9.18,254000,8.36
2011-05-10,9.18,9.18,9.09,9.15,180000,8.33
2011-05-11,9.15,9.24,9.10,9.19,316000,8.36
2011-05-12,9.19,9.32,9.19,9.23,391000,8.40
2011-05-13,9.23,9.28,9.12,9.21,88000,8.38
2011-05-16,9.15,9.21,9.15,9.16,31000,8.34
2011-05-17,9.21,9.25,9.19,9.25,425000,8.42
2011-05-18,9.25,9.28,9.24,9.28,47000,8.45
2011-05-19,9.30,9.45,9.30,9.30,575000,8.46
2011-05-20,9.39,9.39,9.23,9.30,99000,8.46
2011-05-23,9.30,9.30,9.24,9.30,85000,8.46
2011-05-24,9.30,9.30,9.24,9.30,52000,8.46
2011-05-25,9.24,9.30,9.24,9.30,120000,8.46
2011-05-26,9.30,9.30,9.30,9.30,35000,8.46
2011-05-27,9.30,9.30,9.29,9.29,58000,8.46
2011-05-30,9.29,9.49,9.27,9.35,361000,8.51
2011-05-31,9.30,9.44,9.30,9.40,550000,8.56
2011-06-01,9.38,9.38,9.32,9.36,388000,8.52
2011-06-02,9.50,9.50,9.32,9.32,228000,8.48
2011-06-03,9.33,9.49,9.33,9.40,1091000,8.56
2011-06-07,9.40,9.43,9.39,9.42,238000,8.57
2011-06-08,9.42,9.42,9.37,9.40,220000,8.56
2011-06-09,9.40,9.49,9.38,9.40,476000,8.56
2011-06-10,9.40,9.40,9.40,9.40,404000,8.56
2011-06-13,9.41,9.41,9.28,9.30,707000,8.46
2011-06-14,9.33,9.40,9.33,9.40,79000,8.56
2011-06-15,9.38,9.40,9.30,9.30,238000,8.46
2011-06-16,9.30,9.35,9.28,9.28,125000,8.45
2011-06-17,9.30,9.30,9.29,9.29,62000,8.46
2011-06-20,9.30,9.30,9.29,9.29,45000,8.46
2011-06-21,9.29,9.30,9.28,9.28,103000,8.45
2011-06-22,9.30,9.30,9.26,9.28,42000,8.45
2011-06-23,9.30,9.30,9.20,9.26,207000,8.43
2011-06-24,9.21,9.26,9.18,9.26,43000,8.43
2011-06-27,9.18,9.23,9.16,9.20,59000,8.37
2011-06-28,9.20,9.20,9.20,9.20,40000,8.37
2011-06-29,9.23,9.23,9.23,9.23,10000,8.40
2011-06-30,9.28,9.28,9.23,9.25,36000,8.42
2011-07-01,9.18,9.29,9.18,9.29,32000,8.46
2011-07-04,9.33,9.34,9.29,9.33,109000,8.49
2011-07-05,9.33,9.35,9.30,9.35,91000,8.51
2011-07-06,9.38,9.50,9.38,9.45,240000,8.60
2011-07-07,9.46,9.53,9.44,9.47,471000,8.62
2011-07-08,9.48,9.53,9.44,9.44,233000,8.59
2011-07-11,9.44,9.44,9.40,9.44,250000,8.59
2011-07-12,9.44,9.44,9.38,9.38,342000,8.54
2011-07-13,9.43,9.48,9.40,9.40,92000,8.56
2011-07-14,9.40,9.44,9.40,9.44,130000,8.59
2011-07-15,9.44,9.53,9.44,9.46,686000,8.61
2011-07-18,9.45,9.50,9.42,9.47,199000,8.62
2011-07-19,9.48,9.48,9.43,9.47,167000,8.62
2011-07-20,9.48,9.53,9.45,9.50,273000,8.65
2011-07-21,9.50,9.55,9.48,9.55,407000,8.69
2011-07-22,9.55,9.72,9.55,9.72,638000,8.85
2011-07-25,9.75,9.80,9.74,9.75,161000,8.87
2011-07-26,9.79,9.95,9.75,9.94,365000,9.05
2011-07-27,9.95,9.95,9.90,9.95,530000,9.06
2011-07-28,9.92,9.94,9.88,9.88,45000,8.99
2011-07-29,9.95,9.98,9.84,9.85,59000,8.97
2011-08-01,9.84,9.87,9.82,9.85,102000,8.97
2011-08-02,9.80,9.83,9.76,9.76,76000,8.88
2011-08-03,9.75,9.85,9.70,9.71,449000,8.84
2011-08-04,9.79,9.84,9.70,9.78,75000,8.90
2011-08-05,9.70,9.80,9.34,9.68,390000,8.81
2011-08-08,9.68,9.70,9.59,9.59,230000,8.73
2011-08-09,9.53,9.53,9.32,9.41,365000,8.56
2011-08-10,9.64,9.70,9.53,9.69,268000,8.82
2011-08-11,9.55,9.65,9.51,9.65,168000,8.78
2011-08-12,9.75,9.85,9.68,9.77,40000,8.89
2011-08-15,9.84,9.84,9.50,9.50,283000,8.65
2011-08-16,9.55,9.65,9.50,9.58,427000,8.72
2011-08-17,9.52,9.65,9.52,9.56,96000,8.70
2011-08-18,9.55,9.60,9.52,9.59,145000,8.73
2011-08-19,9.52,9.59,9.51,9.57,401000,8.71
2011-08-22,9.52,9.64,9.50,9.64,344000,8.77
2011-08-23,9.56,9.64,9.56,9.63,647000,8.76
2011-08-24,9.63,9.63,9.59,9.60,467000,8.74
2011-08-25,9.62,9.62,9.56,9.56,267000,8.70
2011-08-26,9.60,9.60,9.58,9.58,60000,8.72
2011-08-29,9.58,9.59,9.56,9.58,427000,8.72
2011-08-30,9.60,9.68,9.60,9.67,354000,8.80
2011-08-31,9.60,9.72,9.60,9.72,524000,8.85
2011-09-01,9.60,9.63,9.58,9.59,129000,8.90
2011-09-02,9.58,9.58,9.55,9.58,6000,8.89
2011-09-05,9.59,9.59,9.55,9.58,53000,8.89
2011-09-06,9.57,9.57,9.52,9.55,35000,8.86
2011-09-07,9.54,9.58,9.54,9.58,12000,8.89
2011-09-08,9.58,9.59,9.52,9.57,13000,8.88
2011-09-09,9.60,9.60,9.54,9.56,127000,8.87
2011-09-13,9.53,9.53,9.50,9.50,32000,8.82
2011-09-14,9.50,9.50,9.45,9.45,208000,8.77
2011-09-15,9.50,9.50,9.49,9.49,26000,8.81
2011-09-16,9.55,9.55,9.50,9.50,48000,8.82
2011-09-19,9.50,9.50,9.50,9.50,21000,8.82
2011-09-20,9.48,9.48,9.47,9.47,20000,8.79
2011-09-21,9.46,9.48,9.46,9.48,60000,8.80
2011-09-22,9.45,9.46,9.45,9.46,15000,8.78
2011-09-23,9.40,9.40,9.30,9.39,142000,8.71
2011-09-26,9.30,9.30,9.30,9.30,000,8.63
2011-09-27,9.31,9.31,9.29,9.30,66000,8.63
2011-09-28,9.30,9.30,9.26,9.30,66000,8.63
2011-09-29,9.30,9.40,9.30,9.38,309000,8.70
2011-09-30,9.42,9.55,9.40,9.52,456000,8.83
2011-10-03,9.49,9.52,9.42,9.48,75000,8.80
2011-10-04,9.45,9.48,9.44,9.48,25000,8.80
2011-10-05,9.45,9.45,9.43,9.44,264000,8.76
2011-10-06,9.45,9.54,9.45,9.53,157000,8.84
2011-10-07,9.63,9.63,9.63,9.63,000,8.94
2011-10-11,9.66,9.85,9.66,9.84,668000,9.13
2011-10-12,10.00,10.00,9.91,9.94,659000,9.22
2011-10-13,9.98,9.98,9.94,9.95,386000,9.23
2011-10-14,9.92,9.98,9.92,9.96,369000,9.24
2011-10-17,9.75,9.98,9.75,9.96,133000,9.24
2011-10-18,9.85,9.94,9.85,9.94,43000,9.22
2011-10-19,9.92,9.96,9.92,9.95,75000,9.23
2011-10-20,9.96,9.97,9.90,9.95,167000,9.23
2011-10-21,9.95,9.96,9.91,9.91,280000,9.20
2011-10-24,9.91,9.94,9.91,9.94,149000,9.22
2011-10-25,9.94,9.94,9.92,9.93,110000,9.21
2011-10-26,9.93,9.94,9.92,9.92,124000,9.21
2011-10-27,9.91,9.93,9.89,9.89,584000,9.18
2011-10-28,9.91,9.95,9.90,9.90,438000,9.19
2011-10-31,9.90,9.91,9.90,9.90,299000,9.19
2011-11-01,9.91,9.91,9.83,9.85,449000,9.14
2011-11-02,9.85,9.95,9.85,9.88,114000,9.17
2011-11-03,9.90,9.90,9.90,9.90,204000,9.19
2011-11-04,9.93,9.93,9.88,9.90,147000,9.19
2011-11-07,9.90,9.94,9.90,9.94,254000,9.22
2011-11-08,9.94,9.96,9.93,9.96,431000,9.24
2011-11-09,9.95,9.98,9.95,9.98,414000,9.26
2011-11-10,9.95,9.98,9.93,9.93,337000,9.21
2011-11-11,9.95,9.95,9.93,9.93,128000,9.21
2011-11-14,9.93,9.98,9.93,9.98,184000,9.26
2011-11-15,9.98,9.99,9.96,9.99,459000,9.27
2011-11-16,9.99,9.99,9.95,9.97,426000,9.25
2011-11-17,9.95,9.96,9.95,9.96,251000,9.24
2011-11-18,9.94,9.96,9.94,9.94,151000,9.22
2011-11-21,9.94,9.94,9.87,9.88,340000,9.17
2011-11-22,9.88,9.89,9.87,9.88,212000,9.17
2011-11-23,9.88,9.88,9.80,9.80,325000,9.09
2011-11-24,9.80,9.82,9.76,9.80,24000,9.09
2011-11-25,9.90,9.97,9.90,9.97,689000,9.25
2011-11-28,9.90,9.99,9.87,9.94,701000,9.22
2011-11-29,9.94,9.95,9.91,9.94,306000,9.22
2011-11-30,9.94,9.97,9.80,9.90,593000,9.19
2011-12-01,9.85,9.98,9.85,9.93,323000,9.21
2011-12-02,9.92,9.92,9.90,9.90,191000,9.19
2011-12-05,9.90,9.92,9.85,9.87,266000,9.16
2011-12-06,9.90,9.90,9.87,9.89,220000,9.18
2011-12-07,9.89,9.93,9.85,9.90,465000,9.19
2011-12-08,9.90,9.96,9.90,9.94,493000,9.22
2011-12-09,9.90,9.97,9.90,9.92,376000,9.21
2011-12-12,9.90,9.98,9.90,9.92,784000,9.21
2011-12-13,9.92,9.93,9.90,9.93,183000,9.21
2011-12-14,9.93,9.95,9.93,9.95,303000,9.23
2011-12-15,9.95,9.95,9.93,9.95,445000,9.23
2011-12-16,9.95,9.95,9.90,9.91,300000,9.20
2011-12-19,9.91,9.91,9.75,9.75,281000,9.05
2011-12-20,9.80,9.80,9.75,9.75,206000,9.05
2011-12-21,9.80,9.81,9.78,9.78,268000,9.08
2011-12-22,9.80,9.80,9.78,9.80,195000,9.09
2011-12-23,9.80,9.91,9.78,9.91,226000,9.20
2011-12-26,9.93,10.05,9.85,9.95,822000,9.23
2011-12-27,9.95,10.01,9.95,10.01,932000,9.29
2011-12-28,10.02,10.05,10.00,10.00,462000,9.28
2011-12-29,10.02,10.09,10.02,10.07,1000000,9.34
2011-12-30,10.08,10.22,10.07,10.15,1146000,9.42
2012-01-02,10.15,10.25,10.13,10.15,1709000,9.42
2012-01-03,10.15,10.22,10.15,10.15,1567000,9.42
2012-01-04,10.15,10.20,10.11,10.17,1294000,9.44
2012-01-05,10.17,10.17,10.15,10.17,974000,9.44
2012-01-06,10.16,10.20,10.16,10.19,220000,9.46
2012-01-09,10.20,10.30,10.19,10.21,404000,9.47
2012-01-10,10.25,10.25,10.20,10.23,406000,9.49
2012-01-11,10.23,10.28,10.22,10.23,939000,9.49
2012-01-12,10.24,10.48,10.23,10.45,1282000,9.70
2012-01-13,10.49,10.55,10.46,10.47,1609000,9.72
2012-01-16,10.52,10.76,10.51,10.73,1351000,9.96
2012-01-17,10.85,11.05,10.80,11.00,1538000,10.21
2012-01-18,11.00,11.22,11.00,11.17,2359000,10.37
2012-01-19,11.17,11.17,11.17,11.17,000,10.37
2012-01-20,11.17,11.17,11.17,11.17,000,10.37
2012-01-23,11.17,11.17,11.17,11.17,000,10.37
2012-01-24,11.17,11.17,11.17,11.17,000,10.37
2012-01-25,11.17,11.17,11.17,11.17,000,10.37
2012-01-26,11.17,11.17,11.17,11.17,000,10.37
2012-01-27,11.17,11.17,11.17,11.17,000,10.37
2012-01-30,11.45,11.45,11.26,11.35,1006000,10.53
2012-01-31,11.35,11.45,11.35,11.37,1984000,10.55
2012-02-01,11.40,11.42,11.37,11.39,1473000,10.57
2012-02-02,11.39,11.43,11.39,11.39,1632000,10.57
2012-02-03,11.40,11.42,11.40,11.40,1509000,10.58
2012-02-06,11.41,11.43,11.41,11.42,1131000,10.60
2012-02-07,11.42,11.45,11.42,11.44,650000,10.62
2012-02-08,11.44,11.64,11.44,11.54,1772000,10.71
2012-02-09,11.69,11.69,11.54,11.61,540000,10.77
2012-02-10,11.61,11.74,11.61,11.70,1335000,10.86
2012-02-13,11.71,11.90,11.70,11.89,1227000,11.03
2012-02-14,11.89,12.09,11.89,12.05,1541000,11.18
2012-02-15,12.05,12.10,12.03,12.07,783000,11.20
2012-02-16,12.07,12.09,12.01,12.01,965000,11.15
2012-02-17,12.00,12.15,12.00,12.03,350000,11.16
2012-02-20,12.03,12.07,12.00,12.02,799000,11.15
2012-02-21,12.02,12.02,11.86,11.91,1716000,11.05
2012-02-22,11.95,11.95,11.91,11.91,420000,11.05
2012-02-23,11.91,11.92,11.88,11.90,502000,11.04
2012-02-24,11.91,11.93,11.90,11.93,246000,11.07
2012-02-27,11.93,11.93,11.93,11.93,000,11.07
2012-02-28,11.93,11.93,11.93,11.93,000,11.07
2012-02-29,11.93,11.95,11.90,11.95,749000,11.09
2012-03-01,12.00,12.03,11.93,12.00,543000,11.14
2012-03-02,11.85,11.93,11.85,11.93,358000,11.24
2012-03-05,11.91,11.91,11.89,11.90,247000,11.21
2012-03-06,11.91,11.91,11.84,11.86,562000,11.17
2012-03-07,11.81,11.84,11.75,11.83,291000,11.15
2012-03-08,11.79,11.80,11.70,11.80,274000,11.12
2012-03-09,11.72,11.85,11.72,11.81,168000,11.13
2012-03-12,11.81,11.81,11.75,11.78,124000,11.10
2012-03-13,11.71,11.75,11.71,11.75,200000,11.07
2012-03-14,11.71,11.76,11.71,11.75,346000,11.07
2012-03-15,11.71,11.75,11.71,11.75,207000,11.07
2012-03-16,11.73,11.75,11.71,11.72,148000,11.04
2012-03-19,11.72,11.80,11.72,11.80,407000,11.12
2012-03-20,11.75,11.77,11.72,11.74,219000,11.06
2012-03-21,11.80,11.94,11.75,11.88,2160000,11.19
2012-03-22,11.95,11.95,11.85,11.88,387000,11.19
2012-03-23,11.88,11.97,11.88,11.97,355000,11.28
2012-03-26,12.00,12.00,11.95,11.95,670000,11.26
2012-03-27,11.99,11.99,11.90,11.95,495000,11.26
2012-03-28,11.98,11.98,11.95,11.96,447000,11.27
2012-03-29,11.96,11.97,11.92,11.95,1442000,11.26
2012-03-30,11.92,11.99,11.92,11.96,339000,11.27
2012-04-02,11.96,12.02,11.96,12.02,1012000,11.33
2012-04-03,12.05,12.24,12.02,12.23,806000,11.52
2012-04-04,12.23,12.23,12.23,12.23,000,11.52
2012-04-05,12.23,12.35,12.08,12.30,1039000,11.59
2012-04-06,12.28,12.40,12.28,12.38,385000,11.66
2012-04-09,12.37,12.52,12.30,12.51,782000,11.79
2012-04-10,12.60,12.60,12.52,12.60,722000,11.87
2012-04-11,12.70,12.70,12.60,12.68,903000,11.95
2012-04-12,12.74,12.79,12.68,12.79,544000,12.05
2012-04-13,12.90,12.90,12.80,12.83,667000,12.09
2012-04-16,12.83,12.89,12.82,12.84,604000,12.10
2012-04-17,12.85,12.86,12.82,12.84,530000,12.10
2012-04-18,12.84,12.86,12.84,12.85,522000,12.11
2012-04-19,12.80,12.87,12.80,12.84,914000,12.10
2012-04-20,12.86,13.18,12.85,13.14,902000,12.38
2012-04-23,13.12,13.75,13.12,13.50,1248000,12.72
2012-04-24,13.55,13.55,13.16,13.25,767000,12.48
2012-04-25,13.30,13.40,13.30,13.40,627000,12.63
2012-04-26,13.30,13.35,13.15,13.22,1309000,12.46
2012-04-27,13.19,13.19,12.90,12.91,813000,12.16
2012-04-30,12.76,12.76,12.48,12.50,817000,11.78
2012-05-01,12.50,12.50,12.50,12.50,000,11.78
2012-05-02,12.48,13.00,12.48,12.85,622000,12.11
2012-05-03,12.85,12.90,12.85,12.86,156000,12.12
2012-05-04,12.90,12.92,12.90,12.91,237000,12.16
2012-05-07,12.91,12.92,12.85,12.90,152000,12.15
2012-05-08,13.00,13.00,12.90,12.90,6000,12.15
2012-05-09,12.93,12.93,12.90,12.91,126000,12.16
2012-05-10,12.90,12.91,12.90,12.91,238000,12.16
2012-05-11,12.90,12.90,12.83,12.83,125000,12.09
2012-05-14,12.83,12.85,12.81,12.81,124000,12.07
2012-05-15,12.81,12.82,12.80,12.80,96000,12.06
2012-05-16,12.80,12.82,12.75,12.75,236000,12.01
2012-05-17,12.75,12.78,12.73,12.75,291000,12.01
2012-05-18,12.74,12.74,12.70,12.70,185000,11.97
2012-05-21,12.67,12.68,12.64,12.65,646000,11.92
2012-05-22,12.65,12.66,12.63,12.66,246000,11.93
2012-05-23,12.66,12.66,12.64,12.66,135000,11.93
2012-05-24,12.66,12.66,12.62,12.65,167000,11.92
2012-05-25,12.65,12.65,12.60,12.64,419000,11.91
2012-05-28,12.60,12.64,12.60,12.64,130000,11.91
2012-05-29,12.62,12.65,12.62,12.65,332000,11.92
2012-05-30,12.65,12.65,12.64,12.65,215000,11.92
2012-05-31,12.64,12.65,12.64,12.65,94000,11.92
2012-06-01,12.65,12.66,12.62,12.62,174000,11.89
2012-06-04,12.62,12.62,12.40,12.40,141000,11.68
2012-06-05,12.41,12.45,12.40,12.42,122000,11.70
2012-06-06,12.45,12.45,12.40,12.42,60000,11.70
2012-06-07,12.40,12.45,12.37,12.37,137000,11.66
2012-06-08,12.35,12.35,12.35,12.35,35000,11.64
2012-06-11,12.35,12.35,12.25,12.26,174000,11.55
2012-06-12,12.26,12.26,12.23,12.25,62000,11.54
2012-06-13,12.23,12.30,12.23,12.30,217000,11.59
2012-06-14,12.35,12.35,12.31,12.35,222000,11.64
2012-06-15,12.40,12.40,12.35,12.36,43000,11.65
2012-06-18,12.36,12.38,12.36,12.38,61000,11.66
2012-06-19,12.38,12.38,12.33,12.34,158000,11.63
2012-06-20,12.35,12.35,12.33,12.33,30000,11.62
2012-06-21,12.35,12.35,12.31,12.31,234000,11.60
2012-06-22,12.31,12.31,12.25,12.25,215000,11.54
2012-06-25,12.20,12.28,12.20,12.28,155000,11.57
2012-06-26,12.25,12.25,12.19,12.25,142000,11.54
2012-06-27,12.23,12.30,12.23,12.23,165000,11.52
2012-06-28,12.23,12.30,12.23,12.30,107000,11.59
2012-06-29,12.30,12.30,12.30,12.30,15000,11.59
2012-07-02,12.33,12.46,12.30,12.46,285000,11.74
2012-07-03,12.48,12.55,12.46,12.55,121000,11.82
2012-07-04,12.57,12.60,12.57,12.60,51000,11.87
2012-07-05,12.65,12.67,12.61,12.65,393000,11.92
2012-07-06,12.66,12.70,12.64,12.65,217000,11.92
2012-07-09,12.65,12.65,12.64,12.64,59000,11.91
2012-07-10,12.64,12.65,12.64,12.65,18000,11.92
2012-07-11,12.65,12.66,12.65,12.66,85000,11.93
2012-07-12,12.66,12.67,12.65,12.67,138000,11.94
2012-07-13,12.67,12.70,12.66,12.70,195000,11.97
2012-07-16,12.70,12.70,12.61,12.68,48000,11.95
2012-07-17,12.69,12.70,12.69,12.69,76000,11.96
2012-07-18,12.70,12.75,12.70,12.72,313000,11.99
2012-07-19,12.72,12.86,12.72,12.82,728000,12.08
2012-07-20,12.85,12.95,12.82,12.88,600000,12.14
2012-07-23,12.91,12.92,12.89,12.91,520000,12.16
2012-07-24,12.91,13.10,12.91,13.10,1553000,12.34
2012-07-25,13.10,13.14,13.10,13.10,528000,12.34
2012-07-26,13.11,13.14,13.11,13.14,372000,12.38
2012-07-27,13.14,13.18,13.14,13.18,197000,12.42
2012-07-30,13.18,13.21,13.16,13.16,209000,12.40
2012-07-31,13.17,13.25,13.16,13.18,1149000,12.42
2012-08-01,13.20,13.21,13.20,13.21,84000,12.45
2012-08-02,13.21,13.21,13.21,13.21,000,12.45
2012-08-03,13.21,13.25,13.21,13.25,429000,12.48
2012-08-06,13.25,13.35,13.25,13.35,406000,12.58
2012-08-07,13.35,13.38,13.35,13.38,142000,12.61
2012-08-08,13.38,13.40,13.38,13.38,436000,12.61
2012-08-09,13.38,13.39,13.38,13.38,954000,12.61
2012-08-10,13.38,13.45,13.37,13.37,629000,12.60
2012-08-13,13.38,13.40,13.33,13.33,590000,12.56
2012-08-14,13.33,13.35,13.32,13.32,823000,12.55
2012-08-15,13.33,13.34,13.33,13.33,1164000,12.56
2012-08-16,13.35,13.35,13.31,13.33,3664000,12.56
2012-08-17,13.32,13.33,13.31,13.33,162000,12.56
2012-08-20,13.31,13.31,13.30,13.30,95000,12.53
2012-08-21,13.30,13.32,13.30,13.32,578000,12.55
2012-08-22,13.32,13.32,13.31,13.31,1456000,12.54
2012-08-23,13.31,13.32,13.31,13.31,338000,12.54
2012-08-24,13.32,13.32,13.31,13.31,777000,12.54
2012-08-27,13.30,13.32,13.30,13.31,1344000,12.54
2012-08-28,13.00,13.00,12.96,13.00,71000,12.58
2012-08-29,13.00,13.00,12.96,12.96,25000,12.54
2012-08-30,12.97,12.99,12.97,12.99,29000,12.57
2012-08-31,12.98,12.98,12.98,12.98,10000,12.56
2012-09-03,12.98,12.99,12.97,12.99,67000,12.57
2012-09-04,12.99,12.99,12.97,12.99,20000,12.57
2012-09-05,12.96,12.98,12.95,12.98,27000,12.56
2012-09-06,13.00,13.10,13.00,13.01,97000,12.59
2012-09-07,13.02,13.02,12.98,12.98,23000,12.56
2012-09-10,13.00,13.00,12.95,12.99,92000,12.57
2012-09-11,13.00,13.00,12.98,12.98,54000,12.56
2012-09-12,13.00,13.00,12.99,13.00,173000,12.58
2012-09-13,13.00,13.00,12.99,12.99,138000,12.57
2012-09-14,13.00,13.00,12.99,13.00,171000,12.58
2012-09-17,13.01,13.01,12.98,12.99,94000,12.57
2012-09-18,13.14,13.14,12.99,13.08,1080000,12.65
2012-09-19,13.01,13.10,13.01,13.10,607000,12.67
2012-09-20,13.06,13.14,13.06,13.06,723000,12.63
2012-09-21,13.06,13.10,13.06,13.10,632000,12.67
2012-09-24,13.10,13.15,13.10,13.12,812000,12.69
2012-09-25,13.11,13.12,13.11,13.12,993000,12.69
2012-09-26,13.20,13.20,13.15,13.15,985000,12.72
2012-09-27,13.20,13.25,13.20,13.25,1127000,12.82
2012-09-28,13.20,13.43,13.20,13.42,1158000,12.98
2012-10-01,13.44,13.70,13.25,13.30,1827000,12.87
2012-10-02,13.30,13.50,13.25,13.30,1703000,12.87
2012-10-03,13.50,13.50,13.21,13.33,1521000,12.90
2012-10-04,13.43,13.43,13.30,13.33,1933000,12.90
2012-10-05,13.43,13.43,13.31,13.34,1894000,12.91
2012-10-08,13.39,13.39,13.30,13.33,1419000,12.90
2012-10-09,13.40,13.40,13.33,13.34,1853000,12.91
2012-10-11,13.34,13.35,13.30,13.34,1768000,12.91
2012-10-12,13.43,13.43,13.33,13.43,1980000,12.99
2012-10-15,13.42,13.42,13.33,13.34,1582000,12.91
2012-10-16,13.34,13.34,13.33,13.33,1612000,12.90
2012-10-17,13.42,13.42,13.33,13.39,1552000,12.95
2012-10-18,13.41,13.41,13.33,13.37,1873000,12.93
2012-10-19,13.42,13.42,13.34,13.41,80000,12.97
2012-10-22,13.42,13.47,13.42,13.46,28000,13.02
2012-10-23,13.47,13.47,13.41,13.45,34000,13.01
2012-10-24,13.45,13.45,13.31,13.44,214000,13.00
2012-10-25,13.40,13.45,13.40,13.45,115000,13.01
2012-10-26,13.45,13.45,13.33,13.44,815000,13.00
2012-10-29,13.42,13.45,13.40,13.44,527000,13.00
2012-10-30,13.42,13.46,13.42,13.46,167000,13.02
2012-10-31,13.46,13.47,13.44,13.46,214000,13.02
2012-11-01,13.46,13.47,13.42,13.46,279000,13.02
2012-11-02,13.46,13.47,13.46,13.46,176000,13.02
2012-11-05,13.46,13.46,13.44,13.46,260000,13.02
2012-11-06,13.45,13.58,13.45,13.56,423000,13.12
2012-11-07,13.58,13.75,13.57,13.70,267000,13.25
2012-11-08,13.70,14.33,13.67,14.30,445000,13.83
2012-11-09,14.30,14.70,14.30,14.65,522000,14.17
2012-11-12,14.65,14.89,14.49,14.50,223000,14.03
2012-11-13,14.56,14.56,14.48,14.48,96000,14.01
2012-11-14,14.50,14.50,14.40,14.44,498000,13.97
2012-11-15,14.31,14.31,13.80,13.85,782000,13.40
2012-11-16,14.00,14.25,13.86,14.18,295000,13.72
2012-11-19,14.15,14.15,14.00,14.05,101000,13.59
2012-11-20,14.02,14.02,13.90,13.90,605000,13.45
2012-11-21,13.83,13.90,13.65,13.65,485000,13.21
2012-11-22,13.65,13.65,13.50,13.56,281000,13.12
2012-11-23,13.70,13.70,13.56,13.56,262000,13.12
2012-11-26,13.51,13.52,13.43,13.44,390000,13.00
2012-11-27,13.44,13.44,13.11,13.39,293000,12.95
2012-11-28,13.39,13.48,13.39,13.40,64000,12.96
2012-11-29,13.45,13.50,13.42,13.45,32000,13.01
2012-11-30,13.40,13.45,13.40,13.44,68000,13.00
2012-12-03,13.44,13.44,13.44,13.44,13000,13.00
2012-12-04,13.44,13.44,13.33,13.40,95000,12.96
2012-12-05,13.40,13.50,13.35,13.50,175000,13.06
2012-12-06,13.50,13.50,13.41,13.50,46000,13.06
2012-12-07,13.50,13.50,13.29,13.30,630000,12.87
2012-12-10,13.30,13.40,13.25,13.39,262000,12.95
2012-12-11,13.42,13.44,13.34,13.36,142000,12.93
2012-12-12,13.36,13.43,13.36,13.43,30000,12.99
2012-12-13,13.43,13.43,13.39,13.39,145000,12.95
2012-12-14,13.39,13.40,13.39,13.40,160000,12.96
2012-12-17,13.39,13.39,13.31,13.32,136000,12.89
2012-12-18,13.33,13.35,13.33,13.35,201000,12.92
2012-12-19,13.35,13.40,13.35,13.35,165000,12.92
2012-12-20,13.35,13.40,13.33,13.36,96000,12.93
2012-12-21,13.40,13.42,13.33,13.33,79000,12.90
2012-12-24,13.40,13.44,13.36,13.37,86000,12.93
2012-12-25,13.45,13.45,13.36,13.36,74000,12.93
2012-12-26,13.36,13.40,13.30,13.40,226000,12.96
2012-12-27,13.36,13.42,13.36,13.41,131000,12.97
2012-12-28,13.39,13.40,13.39,13.40,258000,12.96
2013-01-02,13.41,13.42,13.38,13.40,590000,12.96
2013-01-03,13.41,13.58,13.41,13.58,318000,13.14
2013-01-04,13.58,13.60,13.54,13.60,110000,13.16
2013-01-07,13.56,13.58,13.55,13.58,92000,13.14
2013-01-08,13.56,13.56,13.53,13.54,99000,13.10
2013-01-09,13.54,13.68,13.54,13.62,389000,13.18
2013-01-10,13.70,13.70,13.62,13.70,368000,13.25
2013-01-11,13.70,13.87,13.70,13.82,455000,13.37
2013-01-14,13.80,14.05,13.77,13.90,331000,13.45
2013-01-15,14.02,14.10,14.02,14.10,320000,13.64
2013-01-16,14.10,14.14,14.00,14.07,231000,13.61
2013-01-17,14.10,14.17,14.06,14.07,335000,13.61
2013-01-18,14.01,14.20,14.01,14.20,557000,13.74
2013-01-21,14.26,14.26,14.01,14.01,1371000,13.55
2013-01-22,14.09,14.10,14.03,14.06,887000,13.60
2013-01-23,14.06,14.12,14.03,14.12,1434000,13.66
2013-01-24,14.12,14.14,14.06,14.14,1589000,13.68
2013-01-25,14.10,14.15,14.10,14.15,941000,13.69
2013-01-28,14.11,14.16,14.11,14.16,585000,13.70
2013-01-29,14.16,14.27,14.15,14.27,294000,13.81
2013-01-30,14.30,14.50,14.27,14.46,292000,13.99
2013-01-31,14.35,14.50,14.35,14.50,197000,14.03
2013-02-01,14.48,14.60,14.48,14.58,278000,14.11
2013-02-04,14.58,14.76,14.58,14.61,440000,14.13
2013-02-05,14.61,14.81,14.61,14.79,579000,14.31
2013-02-06,14.80,15.14,14.80,15.14,974000,14.65
2013-02-18,15.12,15.30,15.01,15.27,789000,14.77
2013-02-19,15.10,15.35,15.10,15.32,789000,14.82
2013-02-20,15.25,15.39,15.20,15.39,540000,14.89
2013-02-21,15.28,15.63,15.28,15.60,719000,15.09
2013-02-22,15.52,15.62,15.52,15.61,644000,15.10
2013-02-25,15.64,15.64,15.54,15.60,669000,15.09
2013-02-26,15.54,15.65,15.54,15.63,622000,15.12
2013-02-27,15.40,15.55,15.37,15.48,240000,14.98
2013-03-01,15.48,15.74,15.48,15.72,300000,15.21
2013-03-04,15.75,15.86,15.75,15.80,324000,15.29
2013-03-05,15.80,15.80,15.72,15.75,221000,15.24
2013-03-06,15.75,15.79,15.75,15.79,288000,15.28
2013-03-07,15.75,15.80,15.69,15.69,360000,15.18
2013-03-08,15.78,15.78,15.61,15.61,395000,15.10
2013-03-11,15.65,15.67,15.46,15.48,491000,14.98
2013-03-12,15.50,15.50,15.20,15.30,391000,14.80
2013-03-13,15.20,15.20,14.81,14.98,421000,14.49
2013-03-14,15.00,15.00,14.80,14.92,240000,14.43
2013-03-15,15.10,15.10,14.92,14.92,86000,14.43
2013-03-18,14.92,14.92,14.80,14.90,51000,14.41
2013-03-19,14.90,14.98,14.87,14.98,87000,14.49
2013-03-20,14.95,15.29,14.92,15.19,70000,14.70
2013-03-21,15.18,15.25,14.98,15.19,500000,14.70
2013-03-22,15.10,15.10,15.10,15.10,3000,14.61
2013-03-25,15.10,15.17,15.06,15.15,16000,14.66
2013-03-26,15.10,15.18,15.10,15.18,56000,14.69
2013-03-27,15.20,15.22,15.18,15.22,140000,14.72
2013-03-28,15.20,15.24,15.20,15.24,52000,14.74
2013-03-29,15.24,15.34,15.24,15.34,349000,14.84
2013-04-01,15.34,15.35,15.30,15.35,148000,14.85
2013-04-02,15.34,15.36,15.32,15.36,205000,14.86
2013-04-03,15.34,15.44,15.34,15.44,210000,14.94
2013-04-08,14.70,15.39,14.70,15.37,298000,14.87
2013-04-09,15.37,15.40,15.34,15.37,683000,14.87
2013-04-10,15.37,15.45,15.37,15.45,817000,14.95
2013-04-11,15.46,15.47,15.43,15.46,319000,14.96
2013-04-12,15.46,15.54,15.43,15.49,231000,14.99
2013-04-15,15.49,15.49,15.45,15.49,150000,14.99
2013-04-16,15.45,15.51,15.45,15.51,133000,15.01
2013-04-17,15.51,15.60,15.51,15.59,158000,15.08
2013-04-18,15.58,15.61,15.58,15.61,613000,15.10
2013-04-19,15.55,15.59,15.51,15.59,258000,15.08
2013-04-22,15.45,15.50,15.45,15.50,384000,15.00
2013-04-23,15.45,15.55,15.45,15.51,402000,15.01
2013-04-24,15.51,15.55,15.51,15.55,153000,15.04
2013-04-25,15.55,15.56,15.53,15.56,573000,15.05
2013-04-26,15.54,15.56,15.52,15.54,453000,15.03
2013-04-29,15.54,15.54,15.53,15.53,80000,15.02
2013-04-30,15.53,15.60,15.53,15.60,157000,15.09
2013-05-02,15.60,15.65,15.60,15.64,68000,15.13
2013-05-03,15.64,15.70,15.64,15.65,172000,15.14
2013-05-06,15.65,15.88,15.65,15.74,155000,15.23
2013-05-07,15.74,15.83,15.73,15.74,395000,15.23
2013-05-08,15.74,15.78,15.73,15.73,302000,15.22
2013-05-09,15.72,15.80,15.70,15.80,340000,15.29
2013-05-10,15.75,15.82,15.75,15.81,28000,15.30
2013-05-13,15.81,15.81,15.72,15.77,70000,15.26
2013-05-14,15.77,15.78,15.77,15.78,185000,15.27
2013-05-15,15.80,15.82,15.78,15.81,104000,15.30
2013-05-16,15.85,15.90,15.83,15.85,342000,15.33
2013-05-17,15.95,15.96,15.88,15.91,207000,15.39
2013-05-20,15.91,15.98,15.91,15.97,68000,15.45
2013-05-21,15.96,15.96,15.91,15.94,122000,15.42
2013-05-22,15.96,16.00,15.95,15.95,24000,15.43
2013-05-23,15.95,15.99,15.94,15.95,64000,15.43
2013-05-24,15.90,16.00,15.90,15.94,274000,15.42
2013-05-27,15.86,15.94,15.86,15.94,45000,15.42
2013-05-28,15.95,16.03,15.95,15.99,202000,15.47
2013-05-29,16.01,16.01,15.95,16.00,890000,15.48
2013-05-30,16.00,16.00,15.90,15.95,1629000,15.43
2013-05-31,15.95,16.40,15.95,16.40,3243000,15.87
2013-06-03,16.35,16.40,16.11,16.36,2093000,15.83
2013-06-04,16.35,16.35,16.26,16.26,394000,15.73
2013-06-05,16.26,16.28,16.25,16.28,502000,15.75
2013-06-06,16.28,16.28,16.20,16.20,168000,15.67
2013-06-07,16.20,16.21,16.10,16.15,151000,15.62
2013-06-10,16.16,16.25,16.15,16.25,273000,15.72
2013-06-11,16.25,16.32,16.25,16.32,416000,15.79
2013-06-13,16.32,16.32,16.20,16.30,295000,15.77
2013-06-14,16.30,16.30,16.13,16.24,183000,15.71
2013-06-17,16.24,16.25,16.18,16.20,415000,15.67
2013-06-18,16.15,16.24,16.15,16.23,446000,15.70
2013-06-19,16.23,16.23,16.19,16.23,177000,15.70
2013-06-20,16.23,16.23,16.10,16.11,401000,15.59
2013-06-21,16.10,16.11,16.00,16.02,404000,15.50
2013-06-24,15.90,16.06,15.90,16.06,348000,15.54
2013-06-25,15.01,15.90,15.01,15.90,183000,15.38
2013-06-26,15.10,15.90,15.10,15.70,283000,15.19
2013-06-27,15.11,15.71,15.11,15.70,345000,15.19
2013-06-28,15.70,16.13,15.30,16.12,693000,15.60
2013-07-01,16.08,16.25,16.07,16.25,932000,15.72
2013-07-02,16.20,16.26,16.20,16.25,242000,15.72
2013-07-03,16.20,16.21,16.20,16.21,148000,15.68
2013-07-04,16.20,16.21,16.20,16.20,1181000,15.67
2013-07-05,16.20,16.24,16.03,16.22,361000,15.69
2013-07-08,16.20,16.20,16.15,16.19,360000,15.66
2013-07-09,16.19,16.19,16.18,16.19,256000,15.66
2013-07-10,16.17,16.19,16.17,16.19,185000,15.66
2013-07-11,16.20,16.24,16.20,16.24,75000,15.71
2013-07-12,16.25,16.25,16.21,16.21,94000,15.68
2013-07-15,16.25,16.25,16.20,16.25,56000,15.72
2013-07-16,16.25,16.25,16.22,16.25,46000,15.72
2013-07-17,16.25,16.25,16.20,16.25,52000,15.72
2013-07-18,16.25,16.25,16.21,16.21,19000,15.68
2013-07-19,16.20,16.25,16.20,16.25,108000,15.72
2013-07-22,16.25,16.25,16.20,16.25,25000,15.72
2013-07-23,16.25,16.29,16.25,16.29,202000,15.76
2013-07-24,16.26,16.26,16.26,16.26,1000,15.73
2013-07-25,16.25,16.26,16.21,16.26,125000,15.73
2013-07-26,16.26,16.27,16.26,16.26,63000,15.73
2013-07-29,16.26,16.40,16.26,16.26,130000,15.73
2013-07-30,16.30,16.40,16.27,16.27,151000,15.74
2013-07-31,16.30,16.40,16.27,16.38,156000,15.85
2013-08-01,16.38,16.40,16.28,16.39,110000,15.86
2013-08-02,16.30,16.35,16.30,16.35,32000,15.82
2013-08-05,16.35,16.42,16.31,16.42,116000,15.89
2013-08-06,16.42,16.42,16.42,16.42,94000,15.89
2013-08-07,16.40,16.42,16.40,16.42,29000,15.89
2013-08-08,16.42,16.44,16.42,16.44,246000,15.90
2013-08-09,16.44,16.44,16.40,16.40,92000,15.87
2013-08-12,16.40,16.43,16.40,16.43,30000,15.90
2013-08-13,16.43,16.44,16.41,16.41,15000,15.88
2013-08-14,16.30,16.40,16.30,16.40,532000,15.87
2013-08-15,16.41,16.41,16.40,16.40,19000,15.87
2013-08-16,16.40,16.40,16.22,16.22,26000,15.69
2013-08-19,16.25,16.25,16.21,16.21,39000,15.68
2013-08-20,16.20,16.20,16.10,16.10,303000,15.58
2013-08-21,16.10,16.10,16.10,16.10,000,15.58
2013-08-22,16.10,16.10,16.05,16.07,56000,15.55
2013-08-23,16.19,16.19,16.11,16.11,7000,15.59
2013-08-26,16.30,16.30,16.30,16.30,1000,15.77
2013-08-27,16.09,16.12,16.06,16.06,89000,15.73
2013-08-28,16.05,16.06,16.00,16.05,529000,15.72
2013-08-29,16.05,16.05,16.04,16.04,919000,15.71
2013-08-30,16.05,16.55,16.05,16.55,927000,16.21
2013-09-02,16.40,16.40,16.15,16.20,81000,15.87
2013-09-03,16.20,16.20,16.20,16.20,16000,15.87
2013-09-04,16.20,16.20,16.11,16.12,54000,15.79
2013-09-05,16.17,16.17,16.11,16.13,244000,15.80
2013-09-09,16.13,16.13,16.13,16.13,24000,15.80
2013-09-10,16.20,16.20,16.20,16.20,40000,15.87
2013-09-11,16.20,16.20,16.19,16.19,184000,15.86
2013-09-12,16.19,16.25,16.18,16.25,174000,15.92
2013-09-13,16.25,16.30,16.25,16.25,113000,15.92
2013-09-16,16.25,16.30,16.25,16.26,126000,15.93
2013-09-17,16.20,16.35,16.20,16.35,37000,16.02
2013-09-18,16.35,16.50,16.20,16.50,177000,16.16
2013-09-23,16.50,16.50,16.50,16.50,2000,16.16
2013-09-24,16.30,16.40,16.25,16.25,145000,15.92
2013-09-25,16.25,16.39,16.25,16.39,94000,16.06
2013-09-26,16.25,16.25,16.22,16.24,229000,15.91
2013-09-27,16.25,16.25,16.20,16.25,130000,15.92
2013-09-30,16.20,16.25,16.20,16.20,130000,15.87
2013-10-01,16.21,16.25,16.21,16.25,142000,15.92
2013-10-02,16.20,16.25,16.20,16.24,39000,15.91
2013-10-03,16.23,16.25,16.20,16.25,281000,15.92
2013-10-04,16.21,16.23,16.21,16.23,21000,15.90
2013-10-07,16.21,16.22,16.20,16.22,57000,15.89
2013-10-08,16.21,16.25,16.21,16.22,71000,15.89
2013-10-09,16.22,16.25,16.22,16.25,87000,15.92
2013-10-11,16.26,16.26,16.24,16.26,248000,15.93
2013-10-14,16.21,16.21,16.21,16.21,1000,15.88
2013-10-15,16.21,16.24,16.21,16.23,28000,15.90
2013-10-16,16.25,16.30,16.24,16.30,232000,15.97
2013-10-17,16.33,16.33,16.33,16.33,2000,16.00
2013-10-18,16.35,16.40,16.30,16.30,59000,15.97
2013-10-21,16.35,16.35,16.21,16.21,111000,15.88
2013-10-22,16.21,16.23,16.21,16.21,406000,15.88
2013-10-23,16.21,16.23,16.20,16.23,1155000,15.90
2013-10-24,16.22,16.22,16.15,16.20,95000,15.87
2013-10-25,16.20,16.20,16.10,16.12,166000,15.79
2013-10-28,16.10,16.10,16.05,16.10,136000,15.77
2013-10-29,16.10,16.10,16.05,16.05,115000,15.72
2013-10-30,16.05,16.28,16.05,16.28,26000,15.95
2013-10-31,16.15,16.30,16.15,16.30,107000,15.97
2013-11-01,16.20,16.20,16.20,16.20,10000,15.87
2013-11-04,16.15,16.20,16.15,16.20,62000,15.87
2013-11-05,16.15,16.20,16.15,16.20,65000,15.87
2013-11-06,16.10,16.20,16.10,16.10,2861000,15.77
2013-11-07,16.00,16.00,15.95,15.98,274000,15.65
2013-11-08,15.65,15.96,15.65,15.85,86000,15.53
2013-11-11,15.65,15.85,15.65,15.75,296000,15.43
2013-11-12,15.65,15.75,15.65,15.71,329000,15.39
2013-11-13,15.67,15.70,15.65,15.67,325000,15.35
2013-11-14,15.60,15.60,15.40,15.45,347000,15.14
2013-11-15,15.40,15.49,15.40,15.49,127000,15.17
2013-11-18,15.49,16.10,15.49,16.09,90000,15.76
2013-11-19,16.08,16.08,15.70,15.70,137000,15.38
2013-11-20,15.70,15.70,15.65,15.65,54000,15.33
2013-11-21,15.60,16.00,15.60,16.00,179000,15.67
2013-11-22,15.75,15.80,15.75,15.80,26000,15.48
2013-11-25,15.75,15.75,15.70,15.71,116000,15.39
2013-11-26,15.70,15.73,15.60,15.71,415000,15.39
2013-11-27,15.70,15.70,15.60,15.60,176000,15.28
2013-11-28,15.60,15.60,15.60,15.60,70000,15.28
2013-11-29,15.70,16.20,15.70,15.90,3904000,15.58
2013-12-02,15.85,15.90,15.85,15.87,587000,15.55
2013-12-03,15.87,15.90,15.75,15.90,556000,15.58
2013-12-04,15.88,16.05,15.88,16.05,185000,15.72
2013-12-05,16.05,16.05,15.98,15.99,240000,15.66
2013-12-06,16.00,16.00,15.99,16.00,259000,15.67
2013-12-09,16.00,16.00,15.93,16.00,366000,15.67
2013-12-10,16.00,16.00,15.99,16.00,240000,15.67
2013-12-11,16.00,16.00,15.95,16.00,328000,15.67
2013-12-12,16.00,16.00,16.00,16.00,187000,15.67
2013-12-13,16.00,16.05,15.95,16.05,347000,15.72
2013-12-16,16.00,16.10,16.00,16.10,266000,15.77
2013-12-17,16.10,16.19,16.10,16.19,296000,15.86
2013-12-18,16.19,16.25,16.19,16.25,247000,15.92
2013-12-19,16.25,16.40,16.25,16.35,233000,16.02
2013-12-20,16.35,16.35,16.21,16.35,219000,16.02
2013-12-23,16.30,16.35,16.25,16.34,275000,16.01
2013-12-24,16.00,16.36,16.00,16.36,463000,16.03
2013-12-25,16.35,16.38,16.30,16.30,210000,15.97
2013-12-26,16.30,16.35,16.25,16.34,226000,16.01
2013-12-27,16.30,16.35,16.30,16.34,375000,16.01
2013-12-30,16.34,16.34,16.05,16.32,605000,15.99
2013-12-31,16.25,16.35,16.23,16.32,309000,15.99
2014-01-02,16.30,16.35,16.30,16.35,221000,16.02
2014-01-03,16.33,16.34,16.30,16.32,195000,15.99
2014-01-06,16.32,16.32,16.25,16.30,137000,15.97
2014-01-07,16.25,16.30,16.20,16.30,83000,15.97
2014-01-08,16.30,16.30,16.25,16.30,237000,15.97
2014-01-09,16.30,16.30,16.20,16.29,105000,15.96
2014-01-10,16.30,16.35,16.25,16.30,316000,15.97
2014-01-13,16.30,16.45,16.30,16.45,704000,16.11
2014-01-14,16.45,16.70,16.40,16.70,654000,16.36
2014-01-15,16.70,16.80,16.60,16.79,263000,16.45
2014-01-16,16.79,17.00,16.79,16.90,433000,16.56
2014-01-17,16.90,17.00,16.90,16.99,129000,16.64
2014-01-20,17.00,17.16,17.00,17.11,156000,16.76
2014-01-21,17.15,17.34,17.10,17.34,477000,16.99
2014-01-22,17.30,17.69,17.30,17.45,444000,17.09
2014-01-23,17.62,18.20,17.62,18.20,395000,17.83
2014-01-24,18.18,18.80,18.18,18.20,416000,17.83
2014-01-27,16.93,18.44,16.93,18.30,345000,17.93
2014-02-05,18.28,18.98,18.28,18.95,920000,18.56
2014-02-06,19.00,19.00,18.93,18.93,312000,18.54
2014-02-07,18.93,18.99,18.76,18.89,699000,18.50
2014-02-10,18.80,18.89,18.50,18.89,343000,18.50
2014-02-11,18.50,18.89,18.50,18.83,374000,18.45
2014-02-12,18.83,18.83,18.00,18.82,743000,18.44
2014-02-13,18.80,18.83,18.80,18.81,397000,18.43
2014-02-14,18.55,18.56,18.50,18.50,304000,18.12
2014-02-17,18.46,18.50,18.30,18.50,250000,18.12
2014-02-18,18.30,18.50,18.20,18.44,344000,18.06
2014-02-19,18.47,18.47,18.40,18.45,1139000,18.07
2014-02-20,18.50,18.65,18.45,18.62,1530000,18.24
2014-02-21,18.61,18.64,18.60,18.62,553000,18.24
2014-02-24,18.61,18.62,18.60,18.62,240000,18.24
2014-02-25,18.50,18.50,18.42,18.42,89000,18.24
2014-02-26,18.41,18.41,18.40,18.40,197000,18.22
2014-02-27,18.39,18.39,18.30,18.39,172000,18.21
2014-03-03,18.39,18.40,18.34,18.35,653000,18.17
2014-03-04,18.40,18.45,18.20,18.35,269000,18.17
2014-03-05,18.35,18.40,18.35,18.36,318000,18.18
2014-03-06,18.40,18.50,18.40,18.49,361000,18.31
2014-03-07,18.45,18.50,18.45,18.45,267000,18.27
2014-03-10,18.45,18.60,18.45,18.47,185000,18.29
2014-03-11,18.50,18.50,18.43,18.43,439000,18.25
2014-03-12,18.43,18.44,18.37,18.40,182000,18.22
2014-03-13,18.70,18.70,18.39,18.40,196000,18.22
2014-03-14,18.40,18.50,18.40,18.50,371000,18.32
2014-03-17,18.50,18.55,18.49,18.50,330000,18.32
2014-03-18,18.42,18.50,18.39,18.42,174000,18.24
2014-03-19,18.41,18.41,18.30,18.39,323000,18.21
2014-03-20,18.31,18.38,18.21,18.38,331000,18.20
2014-03-21,18.32,18.36,18.25,18.35,215000,18.17
2014-03-24,18.30,18.30,18.22,18.29,166000,18.11
2014-03-25,18.20,18.38,18.20,18.36,971000,18.18
2014-03-26,18.35,18.40,18.20,18.32,992000,18.14
2014-03-27,18.30,18.30,18.20,18.25,405000,18.07
2014-03-28,18.23,18.23,18.15,18.23,8017000,18.05
2014-03-31,18.21,18.21,18.18,18.18,233000,18.01
2014-04-01,18.16,18.16,17.81,17.81,1327000,17.64
2014-04-02,17.79,17.80,17.77,17.80,730000,17.63
2014-04-03,17.78,17.78,17.75,17.78,2325000,17.61
2014-04-04,17.78,17.78,17.78,17.78,000,17.61
2014-04-07,17.76,17.76,17.50,17.75,55000,17.58
2014-04-08,17.70,17.70,17.60,17.60,59000,17.43
2014-04-09,17.45,17.54,17.45,17.51,153000,17.34
2014-04-10,17.46,17.46,17.39,17.40,674000,17.23
2014-04-11,17.35,17.35,17.30,17.35,450000,17.18
2014-04-14,17.30,17.31,17.25,17.31,654000,17.14
2014-04-15,17.26,17.36,17.26,17.36,758000,17.19
2014-04-16,17.31,17.35,17.31,17.35,533000,17.18
2014-04-17,17.31,17.39,17.31,17.39,416000,17.22
2014-04-18,17.34,17.89,17.34,17.88,429000,17.71
2014-04-21,17.83,17.83,17.55,17.55,174000,17.38
2014-04-22,17.85,18.10,17.56,18.00,628000,17.83
2014-04-23,18.00,18.00,17.87,17.95,654000,17.78
2014-04-24,17.95,17.95,17.85,17.93,594000,17.76
2014-04-25,17.86,17.92,16.68,16.68,223000,16.52
2014-04-28,17.20,17.80,17.20,17.80,433000,17.63
2014-04-29,17.78,17.79,17.58,17.75,413000,17.58
2014-04-30,17.70,18.20,17.70,18.05,992000,17.88
2014-05-01,18.05,18.05,18.05,18.05,000,17.88
2014-05-02,18.10,18.18,17.80,17.85,437000,17.68
2014-05-05,17.85,17.90,17.70,17.85,1246000,17.68
2014-05-06,17.85,17.85,17.65,17.65,821000,17.48
2014-05-07,17.35,17.65,17.35,17.65,208000,17.48
2014-05-08,17.65,17.65,17.39,17.41,247000,17.24
2014-05-09,17.20,17.42,17.20,17.41,162000,17.24
2014-05-12,17.50,17.85,17.50,17.52,627000,17.35
2014-05-13,17.55,17.70,17.45,17.45,560000,17.28
2014-05-14,17.45,17.60,17.45,17.47,706000,17.30
2014-05-15,17.47,17.50,17.47,17.50,293000,17.33
2014-05-16,17.50,17.51,17.48,17.50,1133000,17.33
2014-05-19,17.45,17.50,17.45,17.50,769000,17.33
2014-05-20,17.50,17.60,17.45,17.60,352000,17.43
2014-05-21,17.48,17.59,17.48,17.58,205000,17.41
2014-05-22,17.52,17.55,17.50,17.55,339000,17.38
2014-05-23,17.50,17.51,17.49,17.49,495000,17.32
2014-05-26,17.49,17.50,17.48,17.49,644000,17.32
2014-05-27,17.49,17.50,17.48,17.48,214000,17.31
2014-05-28,17.48,17.90,17.46,17.80,595000,17.63
2014-05-29,17.80,17.80,17.52,17.56,118000,17.39
2014-05-30,17.56,17.58,17.48,17.49,264000,17.32
2014-06-02,17.49,17.49,17.49,17.49,000,17.32
2014-06-03,17.49,17.51,17.43,17.45,1010000,17.28
2014-06-04,17.45,17.47,17.44,17.44,554000,17.27
2014-06-05,17.44,17.44,17.42,17.44,352000,17.27
2014-06-06,17.44,17.46,17.43,17.45,696000,17.28
2014-06-09,17.45,17.51,17.45,17.51,265000,17.34
2014-06-10,17.51,17.51,17.48,17.50,430000,17.33
2014-06-11,17.49,17.52,17.46,17.46,659000,17.29
2014-06-12,17.47,17.51,17.43,17.43,599000,17.26
2014-06-13,17.43,17.57,17.43,17.47,520000,17.30
2014-06-16,17.50,17.55,17.49,17.49,868000,17.32
2014-06-17,17.51,17.57,17.49,17.57,1004000,17.40
2014-06-18,17.58,17.70,17.51,17.70,831000,17.53
2014-06-19,17.60,17.60,17.55,17.58,960000,17.41
2014-06-20,17.58,17.65,17.54,17.60,972000,17.43
2014-06-23,17.62,17.62,17.51,17.60,851000,17.43
2014-06-24,17.60,17.60,17.58,17.59,431000,17.42
2014-06-25,17.59,17.65,17.59,17.61,613000,17.44
2014-06-26,17.61,18.00,17.60,17.62,638000,17.45
2014-06-27,17.62,17.85,17.61,17.62,1209000,17.45
2014-06-30,17.70,18.04,17.65,17.80,1505000,17.63
2014-07-01,17.85,18.10,17.85,18.10,982000,17.93
2014-07-02,18.10,18.15,18.00,18.01,753000,17.84
2014-07-03,18.03,18.20,18.01,18.02,760000,17.85
2014-07-04,18.10,18.20,18.05,18.05,229000,17.88
2014-07-07,18.05,18.20,18.05,18.10,210000,17.93
2014-07-08,18.10,18.15,18.10,18.15,126000,17.98
2014-07-09,18.18,18.50,18.15,18.40,353000,18.22
2014-07-10,18.50,18.80,18.49,18.62,3163000,18.44
2014-07-11,18.70,19.00,18.70,18.86,2787000,18.68
2014-07-14,18.98,18.98,18.50,18.73,722000,18.55
2014-07-15,18.74,18.90,18.74,18.76,1232000,18.58
2014-07-16,18.80,18.87,18.76,18.87,1021000,18.69
2014-07-17,18.90,18.90,18.71,18.80,96000,18.62
2014-07-18,18.74,18.85,18.73,18.80,715000,18.62
2014-07-21,18.80,19.00,18.80,18.87,2263000,18.69
2014-07-22,18.88,19.00,18.88,18.92,1903000,18.74
2014-07-23,18.92,18.92,18.92,18.92,000,18.74
2014-07-24,19.00,19.00,18.95,18.99,1391000,18.81
2014-07-25,19.00,19.00,18.96,18.96,1042000,18.78
2014-07-28,18.96,19.05,18.91,18.91,1773000,18.73
2014-07-29,18.92,18.95,18.85,18.85,1137000,18.67
2014-07-30,18.85,18.98,18.85,18.86,929000,18.68
2014-07-31,18.86,18.88,18.85,18.85,569000,18.67
2014-08-01,18.86,18.89,18.81,18.81,736000,18.63
2014-08-04,18.82,18.82,18.80,18.80,325000,18.62
2014-08-05,19.75,19.75,18.81,18.94,58000,18.76
2014-08-06,19.00,19.02,18.88,18.88,793000,18.70
2014-08-07,19.02,19.02,18.90,18.90,692000,18.72
2014-08-08,18.90,19.00,18.89,19.00,403000,18.82
2014-08-11,19.00,19.09,19.00,19.02,233000,18.84
2014-08-12,19.09,19.09,18.98,19.00,528000,18.82
2014-08-13,19.00,19.07,19.00,19.07,159000,18.89
2014-08-14,19.01,19.03,19.00,19.01,154000,18.83
2014-08-15,19.01,19.02,18.99,18.99,370000,18.81
2014-08-18,19.00,19.00,18.98,18.99,283000,18.81
2014-08-19,18.98,18.98,18.96,18.98,93000,18.80
2014-08-20,18.92,19.00,18.92,18.97,204000,18.79
2014-08-21,19.00,19.00,18.95,18.95,456000,18.77
2014-08-22,18.97,19.00,18.93,18.93,590000,18.75
2014-08-25,18.96,19.01,18.96,19.00,93000,18.82
2014-08-26,19.10,19.10,18.96,18.96,174000,18.78
2014-08-27,19.00,19.00,18.80,18.80,307000,18.80
2014-08-28,18.80,18.85,18.80,18.83,76000,18.83
2014-08-29,19.00,19.49,18.83,19.49,452000,19.49
2014-09-01,19.48,19.48,18.91,18.91,550000,18.91
2014-09-02,18.91,18.91,18.91,18.91,17000,18.91
2014-09-03,19.15,19.15,18.89,18.99,227000,18.99
2014-09-04,18.89,19.00,18.89,18.89,154000,18.89
2014-09-05,18.89,19.00,18.75,18.76,448000,18.76
2014-09-08,18.76,18.76,18.76,18.76,000,18.76
2014-09-09,18.80,19.00,18.80,18.81,112000,18.81
2014-09-10,19.00,19.09,18.81,18.82,362000,18.82
2014-09-11,18.90,19.00,18.82,18.84,840000,18.84
2014-09-12,18.85,19.00,18.85,18.86,287000,18.86
2014-09-15,18.87,19.00,18.80,18.80,690000,18.80
2014-09-16,18.83,19.00,18.76,18.76,901000,18.76
2014-09-17,18.79,19.05,18.78,18.81,692000,18.81
2014-09-18,18.83,19.00,18.83,18.99,285000,18.99
2014-09-19,18.90,18.99,18.90,18.99,15000,18.99
2014-09-22,18.99,19.00,18.97,19.00,249000,19.00
2014-09-23,19.00,19.00,18.88,18.89,81000,18.89
2014-09-24,18.89,19.00,18.86,18.86,24000,18.86
2014-09-25,18.86,18.86,18.86,18.86,000,18.86
2014-09-26,19.00,19.00,18.86,18.86,36000,18.86
2014-09-29,18.88,18.99,18.87,18.95,270000,18.95
2014-09-30,18.92,18.95,18.88,18.90,217000,18.90
2014-10-01,18.90,18.97,18.87,18.87,475000,18.87
2014-10-02,18.94,19.00,18.86,18.86,759000,18.86
2014-10-03,18.86,18.86,18.86,18.86,212000,18.86
2014-10-06,18.86,18.90,18.85,18.85,202000,18.85
2014-10-07,18.86,19.07,18.85,18.87,664000,18.87
2014-10-08,19.00,19.05,18.87,18.91,344000,18.91
2014-10-09,18.91,19.00,18.91,18.91,315000,18.91
2014-10-10,18.91,18.91,18.91,18.91,000,18.91
2014-10-13,18.91,19.00,18.89,18.89,381000,18.89
2014-10-14,18.89,19.00,18.85,18.85,809000,18.85
2014-10-15,18.85,18.99,18.82,18.82,525000,18.82
2014-10-16,18.82,18.82,18.80,18.81,145000,18.81
2014-10-17,18.81,18.85,18.80,18.85,123000,18.85
2014-10-20,18.85,18.90,18.83,18.83,182000,18.83
2014-10-21,18.83,18.86,18.83,18.85,89000,18.85
2014-10-22,18.95,18.95,18.86,18.90,161000,18.90
2014-10-23,18.89,18.90,18.89,18.90,217000,18.90
2014-10-24,18.92,18.92,18.90,18.90,42000,18.90
2014-10-27,18.94,18.94,18.93,18.93,18000,18.93
2014-10-28,18.93,18.93,18.90,18.93,57000,18.93
2014-10-29,18.93,18.93,18.86,18.87,347000,18.87
2014-10-30,18.88,18.90,18.81,18.85,367000,18.85
2014-10-31,18.86,18.99,18.83,18.85,526000,18.85
2014-11-03,18.85,19.00,18.85,18.97,557000,18.97
2014-11-04,18.99,19.00,18.96,19.00,505000,19.00
2014-11-05,18.80,18.80,18.35,18.40,1751000,18.40
2014-11-06,18.40,18.45,18.25,18.41,1000000,18.41
2014-11-07,18.41,18.41,18.30,18.38,299000,18.38
2014-11-10,18.38,18.42,18.36,18.39,184000,18.39
2014-11-11,18.40,18.50,18.40,18.42,375000,18.42
2014-11-12,18.45,18.50,18.42,18.50,377000,18.50
2014-11-13,18.50,18.50,18.50,18.50,40000,18.50
2014-11-14,18.50,18.54,18.48,18.50,512000,18.50
2014-11-17,18.50,18.56,18.50,18.53,215000,18.53
2014-11-18,18.53,18.53,18.42,18.52,603000,18.52
2014-11-19,18.53,18.53,18.51,18.51,110000,18.51
2014-11-20,18.52,18.54,18.50,18.50,174000,18.50
2014-11-21,18.50,18.52,18.48,18.49,72000,18.49
2014-11-24,18.52,18.52,18.49,18.50,563000,18.50
2014-11-25,18.50,18.79,18.48,18.79,498000,18.79
2014-11-26,18.60,18.61,18.48,18.48,326000,18.48
2014-11-27,18.50,18.50,18.47,18.49,592000,18.49
2014-11-28,18.50,18.50,18.50,18.50,2542000,18.50
2014-12-01,18.45,18.45,18.42,18.44,191000,18.44
2014-12-02,18.50,18.50,18.40,18.47,93000,18.47
2014-12-03,18.47,18.47,18.47,18.47,6000,18.47
2014-12-04,18.35,18.40,18.25,18.25,263000,18.25
2014-12-05,18.25,18.30,18.25,18.30,109000,18.30
2014-12-08,18.30,18.31,18.27,18.27,37000,18.27
2014-12-09,18.27,18.27,18.20,18.27,82000,18.27
2014-12-10,18.27,18.60,18.27,18.50,998000,18.50
2014-12-11,18.50,18.55,18.46,18.54,356000,18.54
2014-12-12,18.90,19.03,18.90,18.96,14993000,18.96
2014-12-15,18.96,18.96,18.88,18.90,5128000,18.90
2014-12-16,18.90,18.91,18.89,18.90,4242000,18.90
2014-12-17,18.90,18.91,18.90,18.91,1571000,18.91
2014-12-18,18.90,18.91,18.90,18.90,3128000,18.90
2014-12-19,18.95,18.95,18.90,18.90,4398000,18.90
2014-12-22,18.90,18.91,18.88,18.88,3761000,18.88
2014-12-23,18.89,18.90,18.87,18.87,4017000,18.87
2014-12-24,18.88,18.89,18.86,18.86,1591000,18.86
2014-12-25,18.87,18.87,18.86,18.87,1767000,18.87
2014-12-26,18.86,18.86,18.84,18.85,539000,18.85
2014-12-29,18.85,18.86,18.84,18.84,171000,18.84
2014-12-30,18.85,18.87,18.85,18.87,1110000,18.87
2014-12-31,18.90,19.20,18.90,19.20,403000,19.20
2015-01-01,19.20,19.20,19.20,19.20,000,19.20
2015-01-02,19.20,19.20,19.20,19.20,000,19.20
2015-01-05,18.90,19.00,18.84,18.84,259000,18.84
2015-01-06,18.85,19.00,18.84,18.90,641000,18.90
2015-01-07,18.88,18.88,18.84,18.84,255000,18.84
2015-01-08,18.85,18.85,18.80,18.83,620000,18.83
2015-01-09,18.83,18.85,18.82,18.85,448000,18.85
2015-01-12,18.84,18.97,18.83,18.97,994000,18.97
2015-01-13,18.95,18.98,18.86,18.95,233000,18.95
2015-01-14,18.85,18.95,18.82,18.95,567000,18.95
2015-01-15,18.95,18.95,18.80,18.91,1424000,18.91
2015-01-16,18.82,18.82,18.79,18.79,548000,18.79
2015-01-19,18.79,18.79,18.79,18.79,1000,18.79
2015-01-20,18.80,18.84,18.79,18.82,1359000,18.82
2015-01-21,18.82,18.87,18.81,18.84,340000,18.84
2015-01-22,18.84,18.91,18.82,18.91,187000,18.91
2015-01-23,18.89,18.89,18.80,18.82,1378000,18.82
2015-01-26,18.89,18.89,18.83,18.83,299000,18.83
2015-01-27,18.94,18.94,18.81,18.86,934000,18.86
2015-01-28,18.88,18.88,18.85,18.87,403000,18.87
2015-01-29,18.87,18.90,18.81,18.81,882000,18.81
2015-01-30,18.82,19.05,18.82,19.05,1713000,19.05
2015-02-02,18.94,18.94,18.81,18.92,1654000,18.92
2015-02-03,18.81,18.91,18.81,18.82,449000,18.82
2015-02-04,18.82,18.90,18.80,18.81,1665000,18.81
2015-02-05,18.90,18.90,18.81,18.82,264000,18.82
2015-02-06,18.82,18.87,18.77,18.82,1341000,18.82
2015-02-09,18.82,18.83,18.81,18.82,1082000,0.0
2015-02-10,18.86,18.86,18.78,18.79,1266000,0.0
2015-02-11 05:30:00 UTC+0000,18.79,18.85,18.79,18.85,1698000,0.0
2015-02-12 05:30:00 UTC+0000,18.81,18.84,18.75,18.76,1651000,0.0
