2010-01-27,19.00,19.90,19.00,19.90,14000,14.93
2010-01-28,19.90,19.90,19.90,19.90,2000,14.93
2010-01-29,19.30,19.90,19.20,19.80,7000,14.85
2010-02-01,19.30,19.80,19.05,19.80,49000,14.85
2010-02-02,19.75,19.75,19.00,19.60,14000,14.70
2010-02-04,19.05,19.65,19.05,19.65,23000,14.74
2010-02-05,18.45,18.90,18.45,18.65,23000,13.99
2010-02-08,18.20,18.30,18.20,18.30,4000,13.73
2010-02-09,18.80,18.80,18.80,18.80,4000,14.10
2010-02-10,19.25,19.50,19.25,19.50,4000,14.63
2010-02-22,19.70,19.70,19.70,19.70,1000,14.78
2010-02-24,19.25,19.25,19.00,19.00,39000,14.25
2010-02-25,19.00,19.00,18.90,18.90,8000,14.18
2010-02-26,19.10,19.90,19.00,19.90,12000,14.93
2010-03-01,19.20,19.85,19.20,19.85,5000,14.89
2010-03-02,19.65,19.65,19.40,19.40,14000,14.55
2010-03-03,19.40,19.85,19.40,19.65,6000,14.74
2010-03-04,19.65,19.65,19.65,19.65,6000,14.74
2010-03-05,19.90,20.30,19.90,20.30,5000,15.23
2010-03-08,19.85,19.85,19.85,19.85,1000,14.89
2010-03-10,19.70,19.70,19.70,19.70,1000,14.78
2010-03-11,19.95,20.30,19.95,20.30,40000,15.23
2010-03-12,20.95,21.60,20.95,21.10,116000,15.83
2010-03-15,21.10,21.10,21.10,21.10,6000,15.83
2010-03-16,21.40,21.50,20.95,21.50,49000,16.13
2010-03-17,21.90,21.90,21.60,21.90,52000,16.43
2010-03-18,22.05,22.40,21.90,21.90,73000,16.43
2010-03-19,21.95,21.95,21.80,21.90,66000,16.43
2010-03-22,21.90,22.10,21.85,21.85,70000,16.39
2010-03-23,22.00,22.20,21.85,21.95,117000,16.47
2010-03-24,23.45,23.45,23.45,23.45,2433000,17.59
2010-03-25,25.05,25.05,25.05,25.05,825000,18.79
2010-03-26,26.80,26.80,26.70,26.80,3978000,20.11
2010-03-29,28.65,28.65,27.70,28.65,2116000,21.49
2010-03-30,29.60,30.00,28.60,28.70,1304000,21.53
2010-03-31,28.70,28.80,27.40,27.40,891000,20.56
2010-04-01,27.40,27.70,26.90,27.35,710000,20.52
2010-04-02,27.80,28.00,27.60,27.80,446000,20.86
2010-04-06,29.70,29.70,29.00,29.50,1322000,22.13
2010-04-07,29.90,29.90,29.10,29.45,515000,22.09
2010-04-08,29.60,29.60,28.70,28.75,414000,21.57
2010-04-09,29.00,29.00,28.70,28.75,216000,21.57
2010-04-12,28.80,29.75,28.70,29.10,200000,21.83
2010-04-13,29.00,29.30,28.50,28.80,260000,21.61
2010-04-14,28.55,29.10,28.55,28.70,140000,21.53
2010-04-15,28.55,28.80,28.55,28.60,135000,21.46
2010-04-16,28.70,28.80,28.50,28.60,100000,21.46
2010-04-19,28.50,28.50,27.30,27.30,193000,20.48
2010-04-20,27.30,27.95,27.30,27.80,71000,20.86
2010-04-21,27.80,28.10,27.80,27.90,76000,20.93
2010-04-22,27.90,28.00,27.55,27.75,25000,20.82
2010-04-23,28.00,28.00,27.55,28.00,47000,21.01
2010-04-26,28.40,28.40,27.90,28.00,73000,21.01
2010-04-27,28.10,28.10,27.75,28.00,57000,21.01
2010-04-28,27.80,27.95,27.35,27.90,142000,20.93
2010-04-29,28.00,28.20,28.00,28.05,164000,21.04
2010-04-30,28.00,28.15,27.60,27.60,138000,20.71
2010-05-03,27.35,27.50,27.35,27.50,52000,20.63
2010-05-04,27.50,27.70,27.35,27.50,153000,20.63
2010-05-05,27.50,27.50,27.00,27.30,151000,20.48
2010-05-06,27.00,27.50,27.00,27.00,105000,20.26
2010-05-07,26.50,27.00,26.00,26.70,160000,20.03
2010-05-10,26.50,27.00,26.50,26.95,87000,20.22
2010-05-11,27.05,27.20,26.60,26.80,46000,20.11
2010-05-12,26.50,27.00,26.50,26.60,69000,19.96
2010-05-13,26.60,26.90,26.60,26.60,27000,19.96
2010-05-14,26.60,26.80,26.50,26.55,42000,19.92
2010-05-17,26.60,26.90,26.35,26.45,45000,19.84
2010-05-18,26.50,26.70,26.45,26.50,39000,19.88
2010-05-19,26.50,26.90,26.50,26.80,55000,20.11
2010-05-20,27.00,27.20,26.70,26.75,79000,20.07
2010-05-21,26.00,26.70,25.65,26.30,95000,19.73
2010-05-24,25.35,26.50,25.35,26.40,26000,19.81
2010-05-25,26.00,26.00,24.60,25.10,186000,18.83
2010-05-26,25.10,25.20,24.50,24.60,97000,18.46
2010-05-27,24.80,25.00,24.00,25.00,28000,18.76
2010-05-28,25.30,25.60,25.10,25.35,35000,19.02
2010-05-31,25.50,25.50,25.00,25.35,26000,19.02
2010-06-01,25.00,25.35,25.00,25.35,29000,19.02
2010-06-02,25.30,25.40,25.00,25.40,23000,19.06
2010-06-03,25.10,25.40,25.10,25.40,23000,19.06
2010-06-04,25.75,25.90,25.60,25.70,24000,19.28
2010-06-07,24.80,25.50,24.80,25.20,13000,18.91
2010-06-08,25.40,25.85,25.10,25.85,18000,19.39
2010-06-09,27.65,27.65,26.50,27.30,141000,20.48
2010-06-10,27.00,27.30,26.85,27.30,99000,20.48
2010-06-11,27.40,27.50,27.00,27.00,29000,20.26
2010-06-14,27.50,27.50,27.20,27.20,37000,20.41
2010-06-15,27.20,27.20,26.80,27.00,26000,20.26
2010-06-17,27.20,27.30,27.00,27.30,27000,20.48
2010-06-18,27.90,27.90,27.20,27.20,51000,20.41
2010-06-21,27.50,27.80,27.30,27.50,69000,20.63
2010-06-22,27.70,27.80,27.50,27.75,78000,20.82
2010-06-23,27.50,28.30,27.40,28.10,122000,21.08
2010-06-24,28.60,28.60,28.00,28.10,119000,21.08
2010-06-25,28.10,28.10,27.65,27.85,58000,20.89
2010-06-28,28.35,28.35,27.85,28.10,108000,21.08
2010-06-29,28.20,28.40,27.90,27.90,99000,20.93
2010-06-30,26.70,27.50,26.70,27.50,111000,20.63
2010-07-01,27.40,27.90,27.10,27.90,64000,20.93
2010-07-02,28.00,28.15,27.80,27.90,99000,20.93
2010-07-05,28.20,28.40,27.90,28.05,203000,21.04
2010-07-06,28.05,28.15,27.80,27.80,256000,20.86
2010-07-07,28.00,28.10,27.65,27.75,151000,20.82
2010-07-08,27.80,28.00,27.65,27.65,257000,20.74
2010-07-09,27.65,27.90,27.55,27.70,226000,20.78
2010-07-12,27.80,28.10,27.80,28.10,593000,21.08
2010-07-13,28.20,28.25,27.85,27.90,704000,20.93
2010-07-14,20.75,21.50,20.75,20.75,476000,15.57
2010-07-15,20.00,20.30,19.55,19.60,210000,14.70
2010-07-16,19.00,19.40,18.60,18.60,287000,13.95
2010-07-19,18.20,18.20,17.50,17.80,304000,13.35
2010-07-20,17.50,18.10,17.50,17.80,92000,13.35
2010-07-21,18.10,18.10,17.65,17.65,126000,13.24
2010-07-22,17.95,17.95,17.75,17.90,34000,13.43
2010-07-23,18.00,18.00,17.80,17.80,75000,13.35
2010-07-26,17.80,18.90,17.80,18.70,117000,14.03
2010-07-27,18.70,18.95,18.25,18.50,60000,13.88
2010-07-28,18.15,18.15,18.00,18.10,69000,13.58
2010-07-29,18.00,18.15,17.95,18.05,77000,13.54
2010-07-30,18.05,18.10,18.00,18.05,21000,13.54
2010-08-02,18.10,18.10,18.00,18.10,55000,13.58
2010-08-03,18.00,18.30,17.85,18.10,146000,13.58
2010-08-04,18.20,18.20,17.90,18.10,43000,13.58
2010-08-05,18.10,18.25,18.00,18.10,95000,13.58
2010-08-06,18.20,18.20,18.00,18.00,150000,13.50
2010-08-09,18.20,18.85,18.20,18.80,224000,14.10
2010-08-10,19.20,19.20,18.50,18.80,100000,14.10
2010-08-11,18.55,18.75,18.35,18.70,37000,14.03
2010-08-12,18.35,18.65,18.20,18.65,29000,13.99
2010-08-13,18.60,18.90,18.55,18.90,50000,14.18
2010-08-16,18.80,18.80,18.50,18.55,54000,13.92
2010-08-17,18.50,18.60,18.35,18.35,84000,13.77
2010-08-18,18.55,18.55,18.25,18.25,59000,13.69
2010-08-19,18.25,18.30,18.10,18.10,85000,13.58
2010-08-20,18.00,18.20,17.95,18.20,53000,13.65
2010-08-23,18.00,18.30,18.00,18.10,57000,13.58
2010-08-24,18.10,18.20,18.00,18.00,53000,13.50
2010-08-25,18.00,18.00,17.70,17.70,68000,13.28
2010-08-26,17.90,17.90,17.80,17.80,12000,13.35
2010-08-27,17.80,18.00,17.80,17.80,16000,13.35
2010-08-30,18.05,18.05,17.80,17.85,12000,13.39
2010-08-31,17.80,17.80,17.55,17.70,64000,13.28
2010-09-01,18.20,18.20,17.70,18.05,13000,13.54
2010-09-02,17.85,17.95,17.85,17.95,55000,13.47
2010-09-03,18.00,18.35,18.00,18.05,13000,13.54
2010-09-06,18.20,18.20,18.10,18.15,44000,13.62
2010-09-07,18.40,18.40,18.10,18.30,44000,13.73
2010-09-08,18.20,18.20,18.05,18.05,21000,13.54
2010-09-09,18.05,18.05,17.80,17.80,21000,13.35
2010-09-10,18.00,18.15,18.00,18.15,23000,13.62
2010-09-13,18.20,18.20,18.05,18.10,45000,13.58
2010-09-14,18.20,18.25,18.20,18.20,39000,13.65
2010-09-15,18.25,18.30,18.20,18.25,33000,13.69
2010-09-16,18.20,18.35,18.20,18.30,64000,13.73
2010-09-17,18.20,18.25,18.15,18.15,53000,13.62
2010-09-20,18.15,18.40,18.10,18.35,29000,13.77
2010-09-21,18.15,18.20,18.05,18.05,67000,13.54
2010-09-23,18.15,18.15,17.95,18.10,56000,13.58
2010-09-24,18.10,18.20,18.05,18.20,16000,13.65
2010-09-27,18.10,18.10,18.00,18.05,31000,13.54
2010-09-28,18.00,18.05,17.95,18.00,61000,13.50
2010-09-29,18.00,18.10,18.00,18.00,65000,13.50
2010-09-30,18.15,18.20,18.05,18.20,43000,13.65
2010-10-01,18.05,18.25,18.05,18.25,12000,13.69
2010-10-04,18.25,18.25,18.10,18.10,64000,13.58
2010-10-05,18.20,18.20,18.05,18.05,12000,13.54
2010-10-06,18.05,18.15,18.05,18.15,56000,13.62
2010-10-07,18.10,18.30,18.10,18.30,34000,13.73
2010-10-08,18.20,18.20,18.00,18.00,99000,13.50
2010-10-11,18.05,18.20,18.00,18.20,60000,13.65
2010-10-12,18.20,18.20,18.10,18.10,48000,13.58
2010-10-13,18.10,18.15,18.10,18.10,5000,13.58
2010-10-14,18.15,18.65,18.15,18.50,179000,13.88
2010-10-15,18.50,18.95,18.40,18.80,195000,14.10
2010-10-18,19.00,19.00,18.55,18.55,26000,13.92
2010-10-19,18.40,18.40,18.40,18.40,13000,13.80
2010-10-20,18.35,18.60,18.35,18.50,25000,13.88
2010-10-21,18.50,18.80,18.50,18.65,62000,13.99
2010-10-22,18.80,18.80,18.60,18.60,7000,13.95
2010-10-25,18.60,18.80,18.60,18.75,58000,14.07
2010-10-26,18.75,19.10,18.75,18.90,71000,14.18
2010-10-27,19.00,19.35,19.00,19.10,64000,14.33
2010-10-28,19.20,19.20,18.95,18.95,42000,14.22
2010-10-29,18.90,18.90,18.60,18.70,87000,14.03
2010-11-01,18.90,18.90,18.65,18.70,50000,14.03
2010-11-02,18.75,18.80,18.65,18.65,4000,13.99
2010-11-03,18.65,18.70,18.35,18.35,98000,13.77
2010-11-04,18.50,18.70,18.50,18.70,42000,14.03
2010-11-05,18.85,19.20,18.85,19.15,56000,14.37
2010-11-08,19.45,20.20,19.45,19.80,123000,14.85
2010-11-09,19.80,20.30,19.80,20.15,134000,15.12
2010-11-10,20.15,20.15,19.80,20.05,89000,15.04
2010-11-11,20.05,20.05,19.80,20.00,81000,15.00
2010-11-12,19.90,20.00,19.85,19.95,100000,14.97
2010-11-15,19.75,19.75,19.45,19.55,120000,14.67
2010-11-16,19.55,19.65,19.55,19.65,51000,14.74
2010-11-17,19.60,19.75,19.60,19.65,33000,14.74
2010-11-18,19.60,19.80,19.50,19.80,8000,14.85
2010-11-19,19.80,19.85,19.80,19.80,17000,14.85
2010-11-22,19.80,19.90,19.80,19.90,18000,14.93
2010-11-23,19.80,19.80,19.70,19.70,25000,14.78
2010-11-24,19.60,19.60,19.50,19.50,40000,14.63
2010-11-25,20.10,20.10,19.40,19.45,67000,14.59
2010-11-26,19.45,19.45,19.30,19.30,57000,14.48
2010-11-29,19.30,19.30,19.30,19.30,20000,14.48
2010-11-30,19.40,19.40,19.35,19.35,10000,14.52
2010-12-01,19.90,19.90,19.90,19.90,10000,14.93
2010-12-02,19.90,20.00,19.65,19.90,8000,14.93
2010-12-03,19.70,20.00,19.65,19.65,32000,14.74
2010-12-06,19.95,20.20,19.75,20.00,24000,15.00
2010-12-07,19.85,20.00,19.80,20.00,87000,15.00
2010-12-08,20.00,20.00,19.95,19.95,39000,14.97
2010-12-09,20.00,20.00,19.85,19.85,16000,14.89
2010-12-10,19.80,19.80,19.80,19.80,49000,14.85
2010-12-13,19.80,19.90,19.60,19.80,40000,14.85
2010-12-14,19.75,19.75,19.70,19.70,47000,14.78
2010-12-15,20.00,20.15,20.00,20.05,51000,15.04
2010-12-16,20.20,20.95,20.20,20.40,51000,15.30
2010-12-17,20.85,20.85,20.50,20.65,58000,15.49
2010-12-20,20.70,20.75,20.60,20.65,20000,15.49
2010-12-21,20.85,20.85,20.85,20.85,10000,15.64
2010-12-22,20.95,21.00,20.05,20.85,189000,15.64
2010-12-23,20.90,21.00,20.75,20.75,13000,15.57
2010-12-24,20.75,20.75,20.50,20.50,2000,15.38
2010-12-27,20.60,20.80,20.55,20.55,19000,15.42
2010-12-28,20.50,20.85,20.50,20.80,41000,15.61
2010-12-29,20.10,20.50,20.10,20.50,13000,15.38
2010-12-30,20.60,21.30,20.60,21.20,75000,15.91
2010-12-31,21.95,21.95,21.50,21.85,92000,16.39
2011-01-03,21.50,22.00,21.50,21.80,16000,16.36
2011-01-04,21.80,23.30,21.60,23.00,325000,17.26
2011-01-05,23.00,23.40,22.55,22.90,197000,17.18
2011-01-06,22.70,23.45,22.70,23.40,59000,17.56
2011-01-07,23.10,23.10,22.20,22.50,158000,16.88
2011-01-10,22.10,22.10,21.70,21.70,44000,16.28
2011-01-11,21.75,21.95,21.75,21.95,2000,16.47
2011-01-12,22.20,22.20,22.00,22.20,18000,16.66
2011-01-13,22.00,22.00,21.95,21.95,15000,16.47
2011-01-14,21.90,22.75,21.90,22.75,108000,17.07
2011-01-17,22.60,22.80,22.35,22.60,115000,16.96
2011-01-18,22.80,23.65,22.50,22.95,212000,17.22
2011-01-19,22.95,22.95,22.55,22.70,28000,17.03
2011-01-20,22.60,22.60,22.15,22.15,6000,16.62
2011-01-21,22.10,22.50,21.80,22.05,30000,16.54
2011-01-24,22.80,22.80,22.40,22.45,19000,16.84
2011-01-25,22.50,22.60,22.50,22.55,10000,16.92
2011-01-26,22.60,22.80,22.40,22.40,25000,16.81
2011-01-27,22.40,22.40,22.35,22.40,12000,16.81
2011-01-28,22.30,22.70,22.20,22.70,25000,17.03
2011-02-08,22.75,23.30,22.75,23.00,27000,17.26
2011-02-09,23.25,24.00,23.25,23.55,170000,17.67
2011-02-10,23.60,24.00,23.20,23.95,71000,17.97
2011-02-11,24.40,24.40,22.70,22.70,81000,17.03
2011-02-14,22.70,22.95,22.70,22.75,38000,17.07
2011-02-15,22.50,22.75,22.50,22.70,61000,17.03
2011-02-16,22.50,22.55,21.85,22.30,47000,16.73
2011-02-17,22.35,22.35,22.30,22.35,12000,16.77
2011-02-18,22.35,22.40,22.35,22.35,28000,16.77
2011-02-21,22.35,22.35,22.10,22.10,31000,16.58
2011-02-22,23.60,23.60,22.25,22.40,17000,16.81
2011-02-23,22.00,22.10,21.90,21.90,24000,16.43
2011-02-24,21.40,21.80,21.40,21.45,42000,16.09
2011-02-25,21.35,21.35,21.00,21.00,16000,15.76
2011-03-01,20.80,20.80,20.80,20.80,4000,15.61
2011-03-02,21.00,21.00,21.00,21.00,5000,15.76
2011-03-03,21.10,21.50,21.00,21.50,27000,16.13
2011-03-04,21.50,21.50,21.15,21.15,20000,15.87
2011-03-07,20.90,20.90,20.50,20.90,11000,15.68
2011-03-09,21.10,21.10,20.95,20.95,10000,15.72
2011-03-10,20.85,20.85,20.50,20.85,18000,15.64
2011-03-11,20.85,20.85,20.80,20.80,10000,15.61
2011-03-14,20.90,20.90,20.00,20.85,27000,15.64
2011-03-15,20.90,20.90,20.00,20.25,68000,15.19
2011-03-16,20.75,20.80,20.75,20.80,2000,15.61
2011-03-17,20.80,21.70,20.80,21.70,4000,16.28
2011-03-18,21.70,21.70,21.40,21.55,5000,16.17
2011-03-21,21.70,21.75,21.50,21.75,27000,16.32
2011-03-22,21.70,21.70,21.15,21.15,8000,15.87
2011-03-23,21.00,21.20,21.00,21.10,31000,15.83
2011-03-24,22.10,22.10,21.80,21.80,8000,16.36
2011-03-25,22.00,22.00,21.90,21.90,3000,16.43
2011-03-28,21.15,21.20,21.10,21.10,6000,15.83
2011-03-29,21.30,21.30,21.30,21.30,1000,15.98
2011-03-30,21.60,21.60,21.60,21.60,15000,16.21
2011-03-31,21.55,21.60,21.55,21.60,17000,16.21
2011-04-01,21.30,21.30,21.30,21.30,3000,15.98
2011-04-06,21.65,21.65,21.10,21.10,56000,15.83
2011-04-07,21.15,21.80,21.00,21.20,66000,15.91
2011-04-08,21.30,21.45,21.30,21.30,11000,15.98
2011-04-11,21.30,21.65,21.30,21.50,21000,16.13
2011-04-12,21.50,21.50,21.30,21.45,25000,16.09
2011-04-13,21.45,21.45,21.20,21.20,11000,15.91
2011-04-14,21.70,21.70,21.65,21.70,28000,16.28
2011-04-15,21.55,21.55,21.55,21.55,3000,16.17
2011-04-18,21.55,21.55,21.55,21.55,2000,16.17
2011-04-20,21.55,21.55,21.55,21.55,6000,16.17
2011-04-21,21.80,22.30,21.70,21.70,27000,16.28
2011-04-25,21.50,21.50,21.30,21.40,10000,16.06
2011-04-26,21.35,21.55,21.35,21.55,3000,16.17
2011-04-27,21.55,21.70,21.45,21.70,7000,16.28
2011-04-28,21.75,21.90,21.45,21.80,8000,16.36
2011-04-29,21.65,22.00,21.65,21.75,52000,16.32
2011-05-03,21.70,21.70,21.60,21.60,18000,16.21
2011-05-04,21.60,21.60,21.40,21.40,22000,16.06
2011-05-05,21.10,21.10,21.10,21.10,1000,15.83
2011-05-06,21.35,21.90,21.20,21.75,31000,16.32
2011-05-09,21.90,21.90,21.50,21.50,13000,16.13
2011-05-11,21.80,21.80,21.40,21.80,12000,16.36
2011-05-12,21.45,21.45,21.30,21.30,14000,15.98
2011-05-13,21.45,21.45,21.30,21.30,6000,15.98
2011-05-16,21.30,21.30,21.30,21.30,16000,15.98
2011-05-17,21.30,21.30,21.20,21.20,9000,15.91
2011-05-18,21.15,21.30,21.10,21.30,9000,15.98
2011-05-19,21.30,21.75,21.15,21.15,10000,15.87
2011-05-20,21.20,21.30,21.20,21.30,11000,15.98
2011-05-23,21.10,21.10,21.05,21.05,5000,15.79
2011-05-24,21.05,21.05,20.85,21.05,11000,15.79
2011-05-26,21.50,21.50,21.05,21.05,9000,15.79
2011-05-27,21.05,21.05,21.00,21.00,39000,15.76
2011-05-30,21.40,21.40,21.00,21.20,29000,15.91
2011-05-31,21.10,21.20,21.05,21.10,14000,15.83
2011-06-01,21.10,21.20,21.10,21.15,10000,15.87
2011-06-02,21.15,21.15,21.15,21.15,5000,15.87
2011-06-03,21.20,21.20,21.20,21.20,6000,15.91
2011-06-07,21.40,21.40,21.20,21.30,16000,15.98
2011-06-08,21.20,21.60,21.20,21.60,16000,16.21
2011-06-10,21.20,21.20,21.20,21.20,10000,15.91
2011-06-13,21.15,21.25,21.15,21.20,18000,15.91
2011-06-14,21.20,21.20,21.20,21.20,10000,15.91
2011-06-15,21.20,21.20,21.15,21.15,28000,15.87
2011-06-16,21.15,21.15,21.05,21.05,8000,15.79
2011-06-17,21.00,21.10,21.00,21.10,12000,15.83
2011-06-20,21.10,21.10,21.00,21.00,7000,15.76
2011-06-21,21.00,21.00,20.60,20.80,13000,15.61
2011-06-22,21.00,21.20,21.00,21.00,17000,15.76
2011-06-23,20.90,20.90,20.90,20.90,8000,15.68
2011-06-24,20.70,20.70,20.50,20.70,22000,15.53
2011-06-27,20.60,20.60,20.60,20.60,10000,15.46
2011-06-28,20.40,20.90,20.30,20.45,16000,15.34
2011-06-29,20.55,20.55,20.55,20.55,1000,15.42
2011-06-30,20.55,20.55,20.55,20.55,5000,15.42
2011-07-04,21.40,21.40,20.65,20.70,29000,15.53
2011-07-05,20.70,20.70,20.70,20.70,6000,15.53
2011-07-06,21.20,21.25,20.80,21.25,16000,15.94
2011-07-07,21.20,21.20,21.20,21.20,3000,15.91
2011-07-08,21.40,21.40,21.40,21.40,1000,16.06
2011-07-11,21.30,21.40,21.05,21.30,12000,15.98
2011-07-12,21.60,21.60,21.10,21.15,46000,15.87
2011-07-13,21.70,22.20,21.70,22.00,68000,16.51
2011-07-14,21.20,22.00,21.20,21.85,71000,16.39
2011-07-15,22.05,22.40,22.05,22.30,60000,16.73
2011-07-18,22.05,22.10,22.05,22.10,26000,16.58
2011-07-19,22.10,22.10,22.10,22.10,11000,16.58
2011-07-20,22.10,22.10,21.90,21.90,8000,16.43
2011-07-21,22.00,22.10,22.00,22.05,15000,16.54
2011-07-22,22.20,22.40,22.10,22.35,119000,16.77
2011-07-25,21.00,21.05,20.80,21.00,80000,16.97
2011-07-26,20.95,21.20,20.95,21.15,46000,17.09
2011-07-27,20.80,21.50,20.80,21.40,69000,17.29
2011-07-28,21.40,21.70,21.40,21.70,82000,17.54
2011-07-29,21.45,21.65,21.45,21.65,48000,17.50
2011-08-01,21.90,22.25,21.70,22.10,58000,17.86
2011-08-02,22.15,22.15,21.70,21.70,24000,17.54
2011-08-03,21.00,21.60,21.00,21.60,18000,17.45
2011-08-04,21.75,21.90,21.50,21.50,39000,17.37
2011-08-05,20.20,20.50,20.10,20.50,38000,16.57
2011-08-08,19.65,20.45,19.65,20.45,59000,16.53
2011-08-09,19.85,19.85,19.10,19.70,60000,15.92
2011-08-10,20.20,20.30,20.20,20.30,31000,16.40
2011-08-11,20.05,20.40,20.00,20.40,10000,16.49
2011-08-15,20.40,20.50,20.40,20.40,17000,16.49
2011-08-16,20.10,20.40,19.60,20.40,66000,16.49
2011-08-17,19.85,19.85,19.85,19.85,2000,16.04
2011-08-18,20.40,20.40,19.80,20.35,33000,16.44
2011-08-19,20.05,20.05,19.50,19.50,46000,15.76
2011-08-22,20.00,20.00,19.20,19.20,8000,15.52
2011-08-23,19.80,19.80,19.80,19.80,2000,16.00
2011-08-25,19.60,19.60,19.50,19.50,26000,15.76
2011-08-26,20.00,20.00,19.30,19.30,15000,15.60
2011-08-29,19.00,19.05,19.00,19.05,24000,15.39
2011-08-30,19.80,19.80,19.50,19.50,5000,15.76
2011-09-01,19.80,19.80,19.50,19.50,3000,15.76
2011-09-02,19.50,19.50,19.50,19.50,1000,15.76
2011-09-06,19.00,19.50,18.65,19.50,15000,15.76
2011-09-08,19.00,19.30,19.00,19.30,10000,15.60
2011-09-09,19.00,19.30,18.90,19.30,7000,15.60
2011-09-13,19.20,19.30,18.85,19.30,7000,15.60
2011-09-15,19.05,19.05,19.05,19.05,1000,15.39
2011-09-16,19.20,19.45,19.20,19.45,7000,15.72
2011-09-19,19.05,19.30,19.05,19.30,5000,15.60
2011-09-20,19.05,19.05,18.90,18.90,18000,15.27
2011-09-21,19.20,19.20,19.20,19.20,5000,15.52
2011-09-22,18.60,18.95,18.60,18.95,11000,15.31
2011-09-23,18.30,18.65,18.30,18.65,4000,15.07
2011-09-26,18.05,18.05,18.05,18.05,000,14.59
2011-09-27,18.05,18.05,17.80,18.00,11000,14.55
2011-09-28,17.55,17.60,17.55,17.60,12000,14.22
2011-09-29,17.90,17.90,17.90,17.90,17000,14.46
2011-09-30,17.90,17.90,17.90,17.90,10000,14.46
2011-10-03,17.50,17.50,17.30,17.30,4000,13.98
2011-10-04,17.15,17.55,17.05,17.05,22000,13.78
2011-10-06,17.40,17.40,17.40,17.40,2000,14.06
2011-10-07,17.70,17.70,17.70,17.70,000,14.30
2011-10-11,17.25,17.95,17.25,17.95,6000,14.51
2011-10-12,17.90,18.00,17.90,18.00,15000,14.55
2011-10-14,18.00,18.00,18.00,18.00,6000,14.55
2011-10-17,18.00,18.00,18.00,18.00,3000,14.55
2011-10-18,18.00,18.00,18.00,18.00,7000,14.55
2011-10-24,18.20,18.20,18.20,18.20,3000,14.71
2011-10-27,18.45,18.60,18.35,18.60,7000,15.03
2011-10-28,18.60,18.70,18.60,18.60,15000,15.03
2011-10-31,19.00,19.00,18.60,19.00,6000,15.35
2011-11-01,18.50,19.00,18.50,19.00,7000,15.35
2011-11-02,18.60,19.00,18.60,19.00,7000,15.35
2011-11-03,18.60,18.95,18.60,18.95,7000,15.31
2011-11-04,18.75,19.00,18.70,19.00,7000,15.35
2011-11-07,18.90,19.30,18.90,19.30,2000,15.60
2011-11-10,18.60,19.00,18.60,19.00,15000,15.35
2011-11-11,19.20,19.20,19.20,19.20,3000,15.52
2011-11-15,19.20,19.20,19.20,19.20,15000,15.52
2011-11-21,18.70,19.00,18.60,19.00,32000,15.35
2011-11-25,19.00,19.00,19.00,19.00,2000,15.35
2011-11-29,18.40,18.95,18.30,18.95,5000,15.31
2011-11-30,18.60,18.80,18.35,18.35,7000,14.83
2011-12-01,18.40,19.00,18.40,18.70,14000,15.11
2011-12-02,18.60,19.00,18.50,19.00,22000,15.35
2011-12-06,18.50,18.85,18.40,18.85,33000,15.23
2011-12-08,19.00,19.00,19.00,19.00,1000,15.35
2011-12-09,18.35,18.85,18.20,18.85,21000,15.23
2011-12-13,18.80,18.80,18.35,18.35,2000,14.83
2011-12-14,18.35,18.50,18.35,18.50,5000,14.95
2011-12-15,18.30,18.50,18.20,18.50,21000,14.95
2011-12-16,18.30,18.30,18.30,18.30,5000,14.79
2011-12-19,18.30,18.30,18.20,18.20,15000,14.71
2011-12-20,18.95,18.95,18.25,18.25,4000,14.75
2011-12-21,18.60,18.60,18.60,18.60,1000,15.03
2011-12-22,18.50,18.50,18.50,18.50,1000,14.95
2011-12-26,18.60,18.60,18.60,18.60,6000,15.03
2011-12-30,18.80,18.80,18.80,18.80,10000,15.19
2012-01-06,19.00,19.00,19.00,19.00,16000,15.35
2012-01-09,18.65,18.65,18.65,18.65,2000,15.07
2012-01-10,18.80,18.80,18.80,18.80,6000,15.19
2012-01-12,18.60,18.80,18.60,18.80,6000,15.19
2012-01-13,18.75,18.80,18.75,18.75,8000,15.15
2012-01-16,18.80,19.00,18.50,19.00,36000,15.35
2012-01-17,18.90,18.90,18.70,18.70,2000,15.11
2012-01-18,19.00,19.00,19.00,19.00,5000,15.35
2012-01-30,19.00,19.25,19.00,19.25,3000,15.56
2012-02-01,18.60,18.60,18.60,18.60,30000,15.03
2012-02-02,18.90,18.90,18.70,18.70,4000,15.11
2012-02-03,18.60,18.60,18.60,18.60,2000,15.03
2012-02-06,19.00,19.00,19.00,19.00,10000,15.35
2012-02-07,19.00,19.00,19.00,19.00,1000,15.35
2012-02-08,18.70,18.70,18.70,18.70,3000,15.11
2012-02-09,19.00,19.30,19.00,19.25,6000,15.56
2012-02-10,19.25,19.25,19.25,19.25,5000,15.56
2012-02-13,19.30,19.30,19.20,19.20,26000,15.52
2012-02-14,19.30,19.35,19.15,19.15,28000,15.48
2012-02-15,19.20,19.20,19.20,19.20,19000,15.52
2012-02-16,19.45,19.45,19.20,19.20,3000,15.52
2012-02-17,19.20,19.20,19.20,19.20,6000,15.52
2012-02-20,19.45,19.50,19.30,19.30,15000,15.60
2012-02-22,19.30,19.30,19.30,19.30,5000,15.60
2012-02-23,19.00,19.00,19.00,19.00,1000,15.35
2012-03-02,19.05,19.30,19.05,19.30,4000,15.60
2012-03-05,19.50,19.50,19.50,19.50,5000,15.76
2012-03-08,19.75,19.75,19.75,19.75,2000,15.96
2012-03-13,19.60,19.60,19.15,19.60,6000,15.84
2012-03-16,19.25,19.75,19.25,19.35,9000,15.64
2012-03-20,19.45,19.45,19.45,19.45,3000,15.72
2012-03-22,19.15,19.60,19.15,19.60,3000,15.84
2012-03-26,19.60,19.60,19.55,19.55,10000,15.80
2012-03-27,19.65,19.65,19.65,19.65,2000,15.88
2012-03-28,19.20,19.20,19.20,19.20,1000,15.52
2012-03-29,19.20,19.45,19.15,19.45,4000,15.72
2012-03-30,19.60,19.60,19.60,19.60,1000,15.84
2012-04-02,19.55,19.55,19.55,19.55,1000,15.80
2012-04-03,19.15,19.45,19.15,19.45,4000,15.72
2012-04-05,19.40,19.40,19.05,19.05,8000,15.39
2012-04-10,19.15,19.15,19.15,19.15,1000,15.48
2012-04-11,19.10,19.10,19.05,19.05,8000,15.39
2012-04-13,19.10,19.10,19.10,19.10,1000,15.43
2012-04-17,19.05,19.05,19.00,19.00,5000,15.35
2012-04-19,19.00,19.00,19.00,19.00,10000,15.35
2012-04-20,19.00,19.00,19.00,19.00,4000,15.35
2012-04-23,19.10,19.10,19.10,19.10,1000,15.43
2012-04-24,19.10,19.10,19.10,19.10,3000,15.43
2012-04-26,19.10,19.10,19.10,19.10,5000,15.43
2012-04-27,19.45,19.45,19.10,19.10,7000,15.43
2012-05-02,19.00,19.00,19.00,19.00,21000,15.35
2012-05-04,19.20,19.20,19.20,19.20,4000,15.52
2012-05-08,19.20,19.20,19.20,19.20,1000,15.52
2012-05-09,19.00,19.00,19.00,19.00,5000,15.35
2012-05-11,19.00,19.00,19.00,19.00,1000,15.35
2012-05-14,19.00,19.00,19.00,19.00,8000,15.35
2012-05-15,19.00,19.00,19.00,19.00,6000,15.35
2012-05-16,19.00,19.00,18.90,18.90,19000,15.27
2012-05-17,18.90,19.00,18.90,19.00,16000,15.35
2012-05-18,18.50,19.00,18.50,19.00,6000,15.35
2012-05-21,18.45,18.45,18.45,18.45,1000,14.91
2012-05-24,18.65,18.65,18.65,18.65,4000,15.07
2012-05-25,18.75,18.75,18.75,18.75,2000,15.15
2012-05-29,18.50,18.95,18.50,18.95,5000,15.31
2012-06-04,18.00,18.50,18.00,18.50,6000,14.95
2012-06-06,18.60,18.60,18.50,18.50,3000,14.95
2012-06-07,18.25,18.25,18.25,18.25,1000,14.75
2012-06-08,18.45,18.45,18.25,18.25,11000,14.75
2012-06-11,18.30,18.30,18.10,18.10,16000,14.63
2012-06-18,18.30,18.50,18.25,18.50,12000,14.95
2012-06-21,18.30,18.50,18.30,18.50,6000,14.95
2012-06-26,18.50,18.50,18.50,18.50,9000,14.95
2012-06-27,18.50,18.60,18.20,18.20,26000,14.71
2012-06-28,18.60,18.60,18.60,18.60,2000,15.03
2012-06-29,18.60,18.60,18.60,18.60,23000,15.03
2012-07-02,18.60,18.60,18.60,18.60,5000,15.03
2012-07-03,18.90,18.90,18.85,18.85,4000,15.23
2012-07-04,18.90,18.90,18.85,18.85,11000,15.23
2012-07-05,18.90,18.95,18.90,18.90,7000,15.27
2012-07-06,18.90,18.95,18.85,18.95,10000,15.31
2012-07-09,18.85,18.95,18.85,18.95,3000,15.31
2012-07-10,19.10,19.10,18.95,18.95,3000,15.31
2012-07-11,18.95,19.00,18.90,18.95,17000,15.31
2012-07-12,18.95,18.95,18.95,18.95,30000,15.31
2012-07-13,18.95,18.95,18.85,18.90,15000,15.27
2012-07-16,18.90,18.90,18.80,18.85,13000,15.23
2012-07-17,18.80,18.95,18.80,18.95,18000,15.31
2012-07-18,18.90,19.00,18.90,18.90,15000,15.27
2012-07-19,18.90,18.90,18.85,18.85,13000,15.23
2012-07-20,18.95,18.95,18.85,18.95,6000,15.31
2012-07-23,18.85,18.85,18.85,18.85,2000,15.23
2012-07-24,18.80,18.85,18.75,18.75,21000,15.15
2012-07-25,17.70,17.75,17.45,17.50,55000,15.20
2012-07-26,17.70,17.95,17.70,17.95,2000,15.59
2012-07-30,18.10,18.10,18.10,18.10,2000,15.72
2012-08-03,18.35,18.35,18.35,18.35,1000,15.93
2012-08-07,17.50,18.35,17.50,18.35,21000,15.93
2012-08-08,18.00,18.00,18.00,18.00,3000,15.63
2012-08-09,18.35,18.35,18.00,18.35,11000,15.93
2012-08-13,17.95,18.35,17.95,18.35,12000,15.93
2012-08-15,18.60,18.60,18.60,18.60,1000,16.15
2012-08-22,18.90,18.90,18.90,18.90,1000,16.41
2012-08-23,18.40,18.80,18.40,18.80,8000,16.32
2012-08-24,18.90,18.90,18.70,18.80,3000,16.32
2012-08-27,18.95,19.30,18.95,19.15,25000,16.63
2012-08-30,18.95,18.95,18.95,18.95,2000,16.45
2012-08-31,19.10,19.10,19.10,19.10,3000,16.58
2012-09-03,18.80,19.10,18.70,19.05,66000,16.54
2012-09-04,18.80,18.80,18.80,18.80,8000,16.32
2012-09-05,19.00,19.00,19.00,19.00,1000,16.50
2012-09-11,18.75,19.00,18.75,19.00,3000,16.50
2012-09-12,19.10,19.10,18.90,19.00,14000,16.50
2012-09-13,19.00,19.00,18.85,18.90,15000,16.41
2012-09-14,18.90,19.05,18.80,19.05,48000,16.54
2012-09-17,19.10,19.30,18.80,19.30,28000,16.76
2012-09-18,19.30,19.30,19.10,19.10,13000,16.58
2012-09-19,19.45,19.45,19.45,19.45,1000,16.89
2012-09-20,19.45,19.45,19.45,19.45,1000,16.89
2012-09-21,19.45,19.45,19.45,19.45,9000,16.89
2012-09-24,19.45,19.45,19.30,19.40,7000,16.84
2012-09-27,19.50,19.55,19.50,19.55,7000,16.98
2012-09-28,19.60,19.60,19.60,19.60,1000,17.02
2012-10-01,19.50,19.70,19.50,19.70,12000,17.11
2012-10-03,19.30,19.50,19.30,19.50,7000,16.93
2012-10-04,19.50,19.50,19.50,19.50,2000,16.93
2012-10-05,19.40,19.40,19.40,19.40,1000,16.84
2012-10-09,19.70,19.70,19.70,19.70,1000,17.11
2012-10-11,19.30,19.30,19.20,19.20,4000,16.67
2012-10-12,19.30,19.30,19.30,19.30,3000,16.76
2012-10-15,19.30,19.30,19.30,19.30,2000,16.76
2012-10-16,19.05,19.30,19.05,19.30,2000,16.76
2012-10-17,19.10,19.30,19.10,19.30,6000,16.76
2012-10-22,19.70,19.70,19.70,19.70,1000,17.11
2012-10-24,19.10,19.50,19.10,19.50,17000,16.93
2012-10-25,19.05,19.05,19.05,19.05,1000,16.54
2012-10-26,19.05,19.10,19.05,19.10,12000,16.58
2012-10-29,19.10,19.10,19.10,19.10,10000,16.58
2012-10-30,19.10,19.10,19.05,19.10,62000,16.58
2012-10-31,19.20,19.90,19.15,19.90,8000,17.28
2012-11-01,19.60,19.60,19.60,19.60,5000,17.02
2012-11-02,19.60,19.60,19.60,19.60,2000,17.02
2012-11-05,19.60,19.60,19.30,19.60,4000,17.02
2012-11-08,19.40,19.40,19.40,19.40,5000,16.84
2012-11-09,19.70,19.70,19.35,19.50,21000,16.93
2012-11-12,19.60,19.60,19.60,19.60,1000,17.02
2012-11-13,19.25,19.25,19.25,19.25,5000,16.71
2012-11-14,19.60,19.60,19.30,19.30,8000,16.76
2012-11-15,19.60,19.60,19.60,19.60,5000,17.02
2012-11-16,18.80,19.75,18.80,19.70,8000,17.11
2012-11-20,19.40,19.40,19.40,19.40,5000,16.84
2012-11-21,19.35,19.40,19.35,19.40,6000,16.84
2012-11-22,19.40,19.40,19.30,19.40,3000,16.84
2012-11-23,19.40,19.50,19.40,19.50,7000,16.93
2012-11-26,19.50,19.50,19.50,19.50,1000,16.93
2012-11-27,19.60,19.60,19.50,19.50,3000,16.93
2012-11-28,19.35,19.35,19.35,19.35,3000,16.80
2012-11-29,19.50,19.50,19.50,19.50,2000,16.93
2012-11-30,19.60,19.60,19.45,19.50,6000,16.93
2012-12-03,19.50,19.50,19.50,19.50,10000,16.93
2012-12-05,19.50,20.10,19.50,20.10,16000,17.45
2012-12-06,19.50,19.50,19.50,19.50,10000,16.93
2012-12-07,20.00,20.00,19.50,19.50,11000,16.93
2012-12-10,19.85,19.85,19.85,19.85,1000,17.24
2012-12-11,19.50,19.90,19.50,19.90,2000,17.28
2012-12-13,19.90,19.90,19.90,19.90,1000,17.28
2012-12-14,19.60,19.60,19.60,19.60,1000,17.02
2012-12-17,19.60,19.85,19.55,19.85,13000,17.24
2012-12-18,19.55,19.90,19.50,19.75,84000,17.15
2012-12-19,19.50,19.50,19.40,19.40,95000,16.84
2012-12-20,19.45,19.45,19.40,19.40,22000,16.84
2012-12-21,19.35,19.65,19.35,19.65,12000,17.06
2012-12-25,19.60,19.60,19.50,19.60,5000,17.02
2012-12-26,19.60,19.60,19.60,19.60,1000,17.02
2012-12-27,19.50,19.75,19.50,19.75,6000,17.15
2012-12-28,19.80,19.90,19.55,19.70,41000,17.11
2013-01-02,19.80,19.90,19.80,19.90,3000,17.28
2013-01-04,19.95,20.00,19.65,19.90,14000,17.28
2013-01-07,20.00,20.00,20.00,20.00,4000,17.37
2013-01-08,20.20,20.20,20.05,20.05,15000,17.41
2013-01-09,19.95,20.15,19.95,20.15,24000,17.50
2013-01-10,20.15,20.15,20.00,20.00,21000,17.37
2013-01-11,20.10,20.10,20.00,20.00,6000,17.37
2013-01-14,19.90,19.90,19.90,19.90,1000,17.28
2013-01-15,19.95,19.95,19.95,19.95,1000,17.32
2013-01-16,20.00,20.00,20.00,20.00,1000,17.37
2013-01-17,20.00,20.00,20.00,20.00,4000,17.37
2013-01-18,20.10,20.10,19.95,19.95,2000,17.32
2013-01-21,20.00,20.00,20.00,20.00,4000,17.37
2013-01-24,20.00,20.00,20.00,20.00,5000,17.37
2013-01-29,20.00,20.00,20.00,20.00,3000,17.37
2013-01-30,19.75,19.75,19.75,19.75,1000,17.15
2013-01-31,20.00,20.00,20.00,20.00,12000,17.37
2013-02-01,19.75,20.10,19.75,20.10,7000,17.45
2013-02-04,19.80,20.00,19.80,20.00,3000,17.37
2013-02-05,19.95,20.15,19.85,20.15,9000,17.50
2013-02-06,20.00,20.20,20.00,20.20,13000,17.54
2013-02-18,20.00,20.00,19.85,19.85,5000,17.24
2013-02-19,20.00,20.00,20.00,20.00,24000,17.37
2013-02-20,20.30,20.30,20.10,20.10,7000,17.45
2013-02-21,20.30,20.30,20.00,20.10,16000,17.45
2013-02-22,20.10,20.10,20.00,20.00,10000,17.37
2013-02-25,20.10,20.20,20.10,20.20,6000,17.54
2013-02-26,20.00,20.00,19.95,19.95,3000,17.32
2013-02-27,20.10,20.10,20.10,20.10,2000,17.45
2013-03-01,20.35,20.35,20.25,20.35,40000,17.67
2013-03-04,20.15,20.30,20.15,20.30,2000,17.63
2013-03-06,20.30,20.30,20.30,20.30,1000,17.63
2013-03-07,20.10,20.30,20.10,20.10,9000,17.45
2013-03-08,20.10,20.10,20.05,20.05,30000,17.41
2013-03-11,20.30,20.30,20.10,20.10,15000,17.45
2013-03-12,20.10,20.25,20.10,20.25,15000,17.58
2013-03-13,20.30,20.30,20.30,20.30,18000,17.63
2013-03-14,20.30,20.30,20.10,20.30,25000,17.63
2013-03-15,20.20,20.25,20.20,20.25,8000,17.58
2013-03-18,20.30,20.30,20.20,20.20,12000,17.54
2013-03-19,20.20,20.20,20.15,20.15,6000,17.50
2013-03-20,20.30,20.35,20.25,20.25,21000,17.58
2013-03-21,20.30,20.30,20.30,20.30,4000,17.63
2013-03-22,20.40,20.40,20.40,20.40,10000,17.71
2013-03-25,20.40,20.40,20.40,20.40,2000,17.71
2013-03-26,20.40,20.40,20.40,20.40,10000,17.71
2013-03-27,20.40,20.40,20.30,20.30,12000,17.63
2013-03-28,20.30,20.30,20.30,20.30,3000,17.63
2013-03-29,20.30,20.30,20.30,20.30,3000,17.63
2013-04-01,20.35,20.35,20.25,20.25,18000,17.58
2013-04-02,20.20,20.30,20.20,20.30,9000,17.63
2013-04-03,20.40,20.40,20.25,20.25,22000,17.58
2013-04-08,20.20,20.25,20.00,20.15,41000,17.50
2013-04-09,20.10,20.20,20.00,20.20,13000,17.54
2013-04-10,20.05,20.15,20.05,20.15,5000,17.50
2013-04-11,20.20,20.20,20.20,20.20,3000,17.54
2013-04-12,20.20,20.20,20.20,20.20,1000,17.54
2013-04-15,20.20,20.20,20.10,20.10,8000,17.45
2013-04-16,20.10,20.10,20.10,20.10,5000,17.45
2013-04-17,20.20,20.20,20.20,20.20,1000,17.54
2013-04-18,20.20,20.30,20.20,20.30,4000,17.63
2013-04-19,20.30,20.30,20.30,20.30,5000,17.63
2013-04-22,20.55,20.80,20.55,20.80,34000,18.06
2013-04-23,20.70,20.80,20.70,20.80,3000,18.06
2013-04-24,20.70,20.70,20.70,20.70,11000,17.97
2013-04-25,20.70,20.80,20.60,20.80,25000,18.06
2013-04-26,20.80,20.80,20.70,20.70,14000,17.97
2013-04-29,20.80,20.85,20.65,20.80,26000,18.06
2013-05-02,20.80,20.80,20.80,20.80,12000,18.06
2013-05-03,20.80,20.80,20.80,20.80,15000,18.06
2013-05-06,20.80,20.80,20.80,20.80,1000,18.06
2013-05-07,21.30,21.30,20.85,20.85,10000,18.10
2013-05-08,20.90,20.90,20.90,20.90,12000,18.15
2013-05-09,20.95,20.95,20.90,20.90,5000,18.15
2013-05-10,20.95,20.95,20.95,20.95,8000,18.19
2013-05-13,20.95,20.95,20.80,20.80,2000,18.06
2013-05-14,20.95,20.95,20.85,20.85,7000,18.10
2013-05-15,20.90,20.90,20.80,20.80,6000,18.06
2013-05-16,20.80,20.90,20.80,20.90,39000,18.15
2013-05-17,20.95,20.95,20.95,20.95,7000,18.19
2013-05-20,21.00,21.10,20.95,20.95,13000,18.19
2013-05-21,20.60,21.00,20.60,21.00,21000,18.23
2013-05-22,21.00,21.25,21.00,21.25,27000,18.45
2013-05-23,21.20,21.20,21.10,21.10,8000,18.32
2013-05-24,21.20,21.35,21.20,21.35,10000,18.54
2013-05-27,21.50,21.55,21.45,21.55,29000,18.71
2013-05-28,21.70,21.70,21.65,21.65,3000,18.80
2013-05-29,21.65,21.70,21.65,21.70,2000,18.84
2013-05-30,21.70,21.95,21.70,21.70,61000,18.84
2013-05-31,22.00,22.00,21.75,21.75,7000,18.89
2013-06-03,21.75,21.75,21.75,21.75,6000,18.89
2013-06-04,21.95,21.95,21.75,21.95,9000,19.06
2013-06-05,21.20,21.40,21.20,21.40,37000,18.58
2013-06-06,21.25,21.50,21.25,21.50,6000,18.67
2013-06-07,21.70,21.70,21.70,21.70,2000,18.84
2013-06-10,21.70,22.20,21.70,22.10,40000,19.19
2013-06-11,22.10,22.10,22.10,22.10,8000,19.19
2013-06-13,21.55,22.05,21.55,22.05,3000,19.15
2013-06-14,21.95,21.95,21.55,21.55,10000,18.71
2013-06-17,21.70,21.85,21.70,21.85,8000,18.97
2013-06-18,22.00,22.00,21.95,21.95,6000,19.06
2013-06-19,21.90,21.90,21.90,21.90,5000,19.02
2013-06-20,21.85,22.00,21.85,22.00,5000,19.10
2013-06-21,21.85,22.00,21.85,22.00,6000,19.10
2013-06-24,22.00,22.30,22.00,22.00,291000,19.10
2013-06-25,22.00,22.00,21.20,22.00,11000,19.10
2013-06-26,21.60,21.90,21.60,21.90,5000,19.02
2013-06-27,22.00,22.10,22.00,22.00,7000,19.10
2013-06-28,21.80,22.10,21.80,22.10,3000,19.19
2013-07-02,22.00,22.10,22.00,22.10,5000,19.19
2013-07-03,22.00,22.00,22.00,22.00,2000,19.10
2013-07-04,21.60,22.00,21.60,22.00,25000,19.10
2013-07-05,22.20,22.30,22.20,22.30,2000,19.36
2013-07-08,22.30,22.30,21.85,22.30,13000,19.36
2013-07-09,21.95,22.50,21.95,22.45,30000,19.49
2013-07-10,22.45,23.10,22.45,22.45,185000,19.49
2013-07-11,22.55,22.55,22.55,22.55,34000,19.58
2013-07-12,22.55,22.85,22.55,22.80,33000,19.80
2013-07-15,22.80,22.80,22.80,22.80,1000,19.80
2013-07-16,22.90,22.90,22.75,22.80,88000,19.80
2013-07-17,22.85,23.90,22.80,23.10,306000,20.06
2013-07-18,21.95,21.95,21.50,21.75,31000,20.29
2013-07-19,21.80,21.80,21.20,21.20,9000,19.78
2013-07-22,20.75,21.90,20.75,21.80,62000,20.34
2013-07-23,22.00,22.00,21.50,21.80,15000,20.34
2013-07-24,21.80,21.80,21.80,21.80,18000,20.34
2013-07-25,21.80,21.80,21.80,21.80,4000,20.34
2013-07-26,21.40,21.40,21.35,21.35,11000,19.92
2013-07-29,21.35,21.55,21.10,21.10,14000,19.68
2013-07-30,21.65,21.65,21.00,21.00,7000,19.59
2013-07-31,21.30,21.30,21.30,21.30,45000,19.87
2013-08-01,21.05,21.05,21.05,21.05,1000,19.64
2013-08-02,21.05,21.15,21.05,21.15,11000,19.73
2013-08-05,21.20,21.20,21.20,21.20,17000,19.78
2013-08-06,21.20,21.20,21.20,21.20,2000,19.78
2013-08-07,21.05,21.05,21.05,21.05,2000,19.64
2013-08-09,22.00,22.20,21.20,21.20,8000,19.78
2013-08-13,21.25,21.25,21.25,21.25,1000,19.82
2013-08-14,21.25,21.40,21.10,21.10,25000,19.68
2013-08-15,21.10,21.20,21.10,21.10,17000,19.68
2013-08-16,21.05,21.30,21.05,21.15,14000,19.73
2013-08-19,21.15,21.70,21.15,21.70,33000,20.24
2013-08-20,21.20,21.40,21.20,21.40,14000,19.96
2013-08-21,21.40,21.40,21.40,21.40,000,19.96
2013-08-22,21.25,21.60,21.25,21.60,2000,20.15
2013-08-23,21.60,21.90,21.50,21.80,138000,20.34
2013-08-26,22.30,22.30,21.90,21.90,9000,20.43
2013-08-27,21.75,21.80,21.75,21.80,9000,20.34
2013-08-28,21.45,21.80,21.40,21.80,22000,20.34
2013-08-29,21.90,21.90,21.90,21.90,3000,20.43
2013-08-30,21.60,21.80,21.60,21.80,7000,20.34
2013-09-02,22.00,22.00,22.00,22.00,2000,20.52
2013-09-03,22.00,22.00,22.00,22.00,8000,20.52
2013-09-04,22.00,22.30,21.85,22.30,28000,20.80
2013-09-05,22.30,22.30,22.30,22.30,1000,20.80
2013-09-06,22.30,22.30,22.30,22.30,20000,20.80
2013-09-09,22.30,22.30,22.30,22.30,15000,20.80
2013-09-10,22.10,22.10,22.00,22.10,9000,20.62
2013-09-11,22.00,22.10,22.00,22.10,8000,20.62
2013-09-12,22.20,22.20,22.20,22.20,3000,20.71
2013-09-13,22.10,22.20,22.00,22.20,33000,20.71
2013-09-16,22.05,22.20,22.05,22.05,13000,20.57
2013-09-17,22.05,22.10,22.05,22.10,6000,20.62
2013-09-18,22.05,22.05,22.05,22.05,5000,20.57
2013-09-23,22.05,22.10,22.05,22.10,23000,20.62
2013-09-24,22.10,22.10,22.10,22.10,5000,20.62
2013-09-26,22.35,22.35,22.20,22.20,2000,20.71
2013-09-27,22.40,23.00,22.40,23.00,116000,21.46
2013-10-01,23.00,23.30,22.45,22.90,66000,21.36
2013-10-02,23.20,23.30,23.00,23.30,54000,21.74
2013-10-03,23.40,23.80,23.40,23.45,67000,21.88
2013-10-04,23.70,23.75,23.60,23.65,12000,22.06
2013-10-07,23.85,23.85,23.60,23.60,13000,22.02
2013-10-08,23.30,24.65,23.30,24.65,199000,23.00
2013-10-09,24.65,24.95,24.10,24.55,199000,22.90
2013-10-11,24.80,25.35,24.50,24.90,181000,23.23
2013-10-14,24.40,24.50,24.00,24.50,25000,22.86
2013-10-15,24.50,24.85,24.50,24.85,11000,23.18
2013-10-16,24.85,25.10,24.35,25.10,46000,23.42
2013-10-17,25.25,25.25,24.60,25.00,23000,23.32
2013-10-18,24.50,24.50,24.50,24.50,1000,22.86
2013-10-21,24.30,24.30,22.85,23.90,65000,22.30
2013-10-22,23.05,23.15,23.05,23.05,28000,21.50
2013-10-23,23.15,23.50,23.15,23.40,16000,21.83
2013-10-24,23.50,23.70,23.50,23.70,5000,22.11
2013-10-25,23.50,23.60,23.25,23.60,9000,22.02
2013-10-28,23.30,23.55,23.30,23.55,14000,21.97
2013-10-29,23.65,23.65,23.15,23.55,26000,21.97
2013-10-30,23.50,23.75,23.50,23.65,31000,22.06
2013-10-31,23.65,23.65,23.30,23.65,12000,22.06
2013-11-01,23.35,23.75,23.30,23.75,17000,22.16
2013-11-04,23.50,23.70,23.50,23.70,15000,22.11
2013-11-05,23.20,23.30,23.20,23.30,25000,21.74
2013-11-06,23.45,24.70,23.45,24.40,36000,22.76
2013-11-07,24.30,24.70,24.10,24.10,41000,22.48
2013-11-08,24.10,24.40,24.05,24.20,23000,22.58
2013-11-11,24.20,24.20,23.70,24.15,5000,22.53
2013-11-12,24.50,24.50,23.60,24.15,29000,22.53
2013-11-13,23.50,23.50,23.15,23.45,41000,21.88
2013-11-14,23.50,23.80,23.50,23.80,3000,22.20
2013-11-15,23.30,23.45,23.30,23.45,22000,21.88
2013-11-18,23.25,23.25,23.00,23.25,70000,21.69
2013-11-19,23.30,23.55,22.90,23.55,27000,21.97
2013-11-20,23.40,23.40,23.40,23.40,2000,21.83
2013-11-21,22.90,23.25,22.90,23.25,10000,21.69
2013-11-22,23.00,23.20,23.00,23.20,26000,21.64
2013-11-25,23.50,23.50,23.50,23.50,2000,21.92
2013-11-27,23.05,23.20,23.05,23.20,14000,21.64
2013-11-28,23.50,24.60,23.15,24.15,84000,22.53
2013-12-02,24.75,24.75,24.20,24.20,23000,22.58
2013-12-03,24.30,24.60,24.30,24.30,21000,22.67
2013-12-04,24.30,24.40,23.80,24.20,43000,22.58
2013-12-05,24.20,24.20,23.80,23.80,4000,22.20
2013-12-06,23.60,23.85,23.15,23.85,24000,22.25
2013-12-09,23.30,23.80,23.30,23.80,7000,22.20
2013-12-10,23.35,23.75,23.35,23.75,37000,22.16
2013-12-11,23.75,23.85,23.75,23.85,18000,22.25
2013-12-13,23.80,23.80,23.80,23.80,3000,22.20
2013-12-16,23.80,24.60,23.80,24.30,73000,22.67
2013-12-17,24.50,24.75,24.20,24.40,57000,22.76
2013-12-18,24.10,24.40,24.10,24.40,3000,22.76
2013-12-19,24.00,24.35,24.00,24.35,6000,22.72
2013-12-23,24.00,24.55,24.00,24.30,16000,22.67
2013-12-24,24.40,24.45,24.00,24.30,18000,22.67
2013-12-25,24.00,24.05,23.80,23.80,28000,22.20
2013-12-26,23.80,23.90,23.65,23.90,13000,22.30
2013-12-27,24.10,24.10,24.10,24.10,1000,22.48
2013-12-30,23.90,24.35,23.90,24.35,4000,22.72
2014-01-02,24.20,24.25,24.20,24.25,3000,22.62
2014-01-03,24.20,24.45,24.20,24.40,11000,22.76
2014-01-06,24.45,24.60,24.00,24.40,34000,22.76
2014-01-07,24.05,24.40,24.05,24.40,5000,22.76
2014-01-08,24.40,24.40,24.00,24.30,11000,22.67
2014-01-09,24.35,24.35,23.75,24.05,33000,22.44
2014-01-10,23.80,23.85,23.55,23.85,36000,22.25
2014-01-13,23.95,23.95,23.80,23.85,18000,22.25
2014-01-14,23.70,24.50,23.50,24.50,42000,22.86
2014-01-15,23.55,23.90,23.55,23.90,27000,22.30
2014-01-16,23.70,23.95,23.70,23.95,4000,22.34
2014-01-17,23.70,23.70,23.70,23.70,2000,22.11
2014-01-20,23.70,23.90,23.70,23.90,9000,22.30
2014-01-22,23.90,23.90,23.80,23.90,12000,22.30
2014-01-23,23.90,23.90,23.70,23.80,12000,22.20
2014-01-24,23.90,24.15,23.90,24.15,21000,22.53
2014-01-27,23.70,23.75,23.70,23.70,7000,22.11
2014-02-05,23.50,23.85,23.40,23.85,36000,22.25
2014-02-06,23.30,23.95,23.30,23.95,20000,22.34
2014-02-07,23.90,23.90,23.65,23.65,13000,22.06
2014-02-10,23.70,23.85,23.70,23.85,4000,22.25
2014-02-11,23.60,24.00,23.60,23.95,12000,22.34
2014-02-12,23.90,23.90,23.90,23.90,5000,22.30
2014-02-13,23.70,23.85,23.65,23.85,19000,22.25
2014-02-14,23.80,23.80,23.60,23.80,22000,22.20
2014-02-17,23.60,23.80,23.60,23.80,26000,22.20
2014-02-18,23.60,23.70,23.45,23.70,21000,22.11
2014-02-19,23.65,23.65,23.35,23.65,44000,22.06
2014-02-21,23.60,23.65,23.40,23.65,13000,22.06
2014-02-24,23.60,23.60,23.60,23.60,3000,22.02
2014-02-25,23.40,23.60,23.40,23.60,15000,22.02
2014-02-26,23.50,23.55,23.35,23.55,35000,21.97
2014-02-27,23.40,23.60,23.40,23.60,6000,22.02
2014-03-03,23.60,23.60,23.60,23.60,13000,22.02
2014-03-04,23.35,23.60,23.35,23.60,7000,22.02
2014-03-05,23.40,23.45,23.40,23.45,17000,21.88
2014-03-06,23.30,23.40,23.10,23.40,30000,21.83
2014-03-07,23.10,23.30,23.10,23.30,2000,21.74
2014-03-10,23.30,23.30,23.10,23.10,14000,21.55
2014-03-11,23.05,23.25,23.00,23.00,14000,21.46
2014-03-12,23.00,23.25,23.00,23.25,7000,21.69
2014-03-14,22.85,23.25,22.85,23.25,4000,21.69
2014-03-17,23.00,23.20,22.90,23.20,23000,21.64
2014-03-18,23.00,23.15,22.30,23.00,52000,21.46
2014-03-20,22.85,23.00,22.85,23.00,8000,21.46
2014-03-21,23.00,23.05,22.85,23.05,16000,21.50
2014-03-24,23.15,23.15,23.15,23.15,2000,21.60
2014-03-26,23.15,23.25,23.15,23.25,2000,21.69
2014-03-27,23.15,23.25,22.50,23.25,14000,21.69
2014-03-28,23.25,23.25,23.25,23.25,7000,21.69
2014-03-31,23.50,23.50,23.50,23.50,15000,21.92
2014-04-01,23.40,23.80,23.40,23.70,15000,22.11
2014-04-03,23.70,23.70,23.70,23.70,10000,22.11
2014-04-07,23.30,23.70,23.30,23.70,2000,22.11
2014-04-08,23.70,23.70,23.70,23.70,1000,22.11
2014-04-09,23.70,23.70,23.70,23.70,1000,22.11
2014-04-10,23.40,23.60,23.40,23.60,13000,22.02
2014-04-11,23.45,23.50,23.45,23.50,6000,21.92
2014-04-14,23.45,23.45,23.45,23.45,1000,21.88
2014-04-15,23.45,23.45,23.45,23.45,1000,21.88
2014-04-16,23.50,23.80,23.50,23.80,10000,22.20
2014-04-18,23.80,23.80,23.80,23.80,3000,22.20
2014-04-21,23.85,23.85,23.80,23.80,10000,22.20
2014-04-22,23.60,23.85,23.60,23.85,2000,22.25
2014-04-23,23.60,23.80,23.60,23.80,7000,22.20
2014-04-24,22.15,23.80,22.15,23.80,3000,22.20
2014-04-25,23.40,23.60,23.35,23.60,10000,22.02
2014-04-28,23.50,23.50,23.50,23.50,2000,21.92
2014-04-29,23.70,23.70,23.70,23.70,1000,22.11
2014-04-30,23.60,23.85,23.50,23.80,12000,22.20
2014-05-05,23.85,23.90,23.85,23.90,12000,22.30
2014-05-09,23.70,23.75,23.40,23.70,7000,22.11
2014-05-12,23.85,23.85,23.85,23.85,1000,22.25
2014-05-13,23.60,23.80,23.60,23.80,3000,22.20
2014-05-15,23.45,23.75,23.45,23.75,3000,22.16
2014-05-16,23.70,23.70,23.70,23.70,1000,22.11
2014-05-19,23.80,23.80,23.75,23.80,4000,22.20
2014-05-23,23.90,23.90,23.90,23.90,2000,22.30
2014-05-27,23.80,23.80,23.80,23.80,2000,22.20
2014-05-28,23.75,23.75,23.45,23.75,8000,22.16
2014-05-29,23.85,23.85,23.60,23.75,9000,22.16
2014-05-30,23.75,23.75,23.75,23.75,2000,22.16
2014-06-03,23.75,23.75,23.75,23.75,5000,22.16
2014-06-04,23.85,23.85,23.85,23.85,2000,22.25
2014-06-05,23.50,23.80,23.50,23.80,10000,22.20
2014-06-06,23.80,23.80,23.80,23.80,5000,22.20
2014-06-09,23.80,23.80,23.70,23.80,8000,22.20
2014-06-10,23.80,23.85,23.65,23.85,18000,22.25
2014-06-11,23.70,23.75,23.70,23.75,7000,22.16
2014-06-12,23.70,23.80,23.65,23.80,11000,22.20
2014-06-13,23.75,23.80,23.75,23.75,5000,22.16
2014-06-16,23.80,24.00,23.80,23.95,37000,22.34
2014-06-17,23.95,23.95,23.95,23.95,1000,22.34
2014-06-18,23.95,23.95,23.50,23.90,19000,22.30
2014-06-19,23.90,23.90,23.90,23.90,2000,22.30
2014-06-20,23.65,23.90,23.65,23.90,3000,22.30
2014-06-23,23.90,23.90,23.90,23.90,3000,22.30
2014-06-24,23.95,24.00,23.90,23.90,7000,22.30
2014-06-25,23.80,23.90,23.70,23.90,7000,22.30
2014-06-26,23.90,23.90,23.80,23.85,3000,22.25
2014-06-27,23.90,23.90,23.90,23.90,1000,22.30
2014-06-30,23.80,23.80,23.80,23.80,1000,22.20
2014-07-01,23.80,23.80,23.80,23.80,1000,22.20
2014-07-02,23.90,24.00,23.90,24.00,3000,22.39
2014-07-04,23.65,23.90,23.05,23.90,36000,22.30
2014-07-07,23.80,23.80,23.80,23.80,4000,22.20
2014-07-08,23.80,23.95,23.80,23.95,6000,22.34
2014-07-09,23.70,23.85,23.60,23.80,32000,22.20
2014-07-11,23.80,23.90,23.70,23.90,52000,22.30
2014-07-14,23.70,23.70,23.60,23.60,36000,22.02
2014-07-15,23.80,23.80,23.80,23.80,3000,22.20
2014-07-16,23.80,23.80,23.70,23.80,40000,22.20
2014-07-17,23.70,23.85,23.70,23.80,33000,22.20
2014-07-18,23.80,23.85,23.65,23.85,69000,22.25
2014-07-21,22.95,22.95,22.00,22.60,47000,22.60
2014-07-22,22.35,22.35,22.25,22.25,5000,22.25
2014-07-24,22.25,22.45,22.25,22.45,4000,22.45
2014-07-25,22.10,22.30,22.10,22.15,3000,22.15
2014-07-28,22.30,22.30,22.30,22.30,12000,22.30
2014-07-29,22.15,22.35,22.10,22.35,8000,22.35
2014-07-30,22.30,22.35,22.15,22.30,15000,22.30
2014-07-31,22.15,22.35,22.15,22.35,4000,22.35
2014-08-04,22.05,22.10,21.85,22.10,44000,22.10
2014-08-05,22.00,22.00,21.55,21.80,101000,21.80
2014-08-06,21.50,21.50,21.25,21.50,51000,21.50
2014-08-07,21.35,21.55,21.30,21.30,3000,21.30
2014-08-08,21.50,21.50,21.40,21.40,13000,21.40
2014-08-11,21.50,21.50,21.50,21.50,1000,21.50
2014-08-12,21.80,21.80,21.80,21.80,1000,21.80
2014-08-13,21.70,21.70,21.70,21.70,1000,21.70
2014-08-14,21.30,21.80,21.25,21.65,40000,21.65
2014-08-15,21.90,21.90,21.90,21.90,1000,21.90
2014-08-18,21.25,21.35,21.10,21.35,35000,21.35
2014-08-19,21.05,21.35,20.95,21.20,51000,21.20
2014-08-20,21.00,21.20,20.95,21.20,45000,21.20
2014-08-21,21.00,21.15,20.90,21.15,22000,21.15
2014-08-22,21.00,21.25,21.00,21.20,48000,21.20
2014-08-25,20.90,21.20,20.90,21.20,2000,21.20
2014-08-26,21.00,21.40,20.90,21.40,21000,21.40
2014-08-27,21.30,21.30,21.00,21.30,18000,21.30
2014-09-01,20.90,20.90,20.85,20.90,32000,20.90
2014-09-02,21.30,21.30,21.30,21.30,1000,21.30
2014-09-05,21.25,21.30,21.25,21.30,3000,21.30
2014-09-09,21.30,21.30,21.00,21.00,26000,21.00
2014-09-11,21.00,21.00,21.00,21.00,5000,21.00
2014-09-12,20.80,20.85,20.75,20.80,36000,20.80
2014-09-15,20.80,20.85,20.80,20.85,9000,20.85
2014-09-16,20.75,21.10,20.60,20.65,43000,20.65
2014-09-17,21.00,21.05,21.00,21.05,3000,21.05
2014-09-18,21.00,21.00,21.00,21.00,20000,21.00
2014-09-19,20.65,21.00,20.65,21.00,2000,21.00
2014-09-22,20.60,20.60,20.60,20.60,3000,20.60
2014-09-23,20.75,20.75,20.60,20.60,13000,20.60
2014-09-26,20.50,20.60,20.50,20.50,18000,20.50
2014-09-29,20.55,20.55,20.55,20.55,3000,20.55
2014-09-30,20.60,20.85,20.50,20.80,32000,20.80
2014-10-02,20.80,20.80,20.80,20.80,1000,20.80
2014-10-03,20.80,20.80,20.80,20.80,32000,20.80
2014-10-06,20.70,20.80,20.60,20.80,18000,20.80
2014-10-07,20.70,20.80,20.70,20.80,27000,20.80
2014-10-08,20.70,20.70,20.70,20.70,1000,20.70
2014-10-09,20.70,20.70,20.60,20.60,4000,20.60
2014-10-13,20.40,20.55,20.25,20.50,50000,20.50
2014-10-15,20.50,20.50,20.00,20.40,30000,20.40
2014-10-16,20.00,20.35,20.00,20.35,12000,20.35
2014-10-17,20.20,20.35,20.20,20.35,11000,20.35
2014-10-20,20.35,20.50,20.35,20.50,21000,20.50
2014-10-21,20.40,20.55,20.40,20.55,3000,20.55
2014-10-22,20.55,20.60,20.50,20.60,5000,20.60
2014-10-23,20.60,20.65,20.60,20.60,7000,20.60
2014-10-24,20.60,20.60,20.60,20.60,2000,20.60
2014-10-27,20.60,20.60,20.55,20.55,6000,20.55
2014-10-28,20.60,20.60,20.60,20.60,2000,20.60
2014-10-29,20.65,20.65,20.65,20.65,2000,20.65
2014-11-03,20.65,20.65,20.55,20.55,11000,20.55
2014-11-07,20.70,20.70,20.70,20.70,1000,20.70
2014-11-10,20.60,20.60,20.60,20.60,2000,20.60
2014-11-12,20.70,20.70,20.70,20.70,1000,20.70
2014-11-14,20.55,20.70,20.55,20.55,5000,20.55
2014-11-17,20.55,20.55,20.55,20.55,10000,20.55
2014-11-19,20.55,20.60,20.55,20.60,4000,20.60
2014-11-20,20.55,20.70,20.55,20.70,7000,20.70
2014-11-21,20.70,20.70,20.60,20.60,13000,20.60
2014-11-24,20.70,20.70,20.70,20.70,3000,20.70
2014-11-25,20.70,20.80,20.70,20.80,5000,20.80
2014-11-26,20.65,20.65,20.60,20.60,5000,20.60
2014-11-27,20.65,20.65,20.65,20.65,1000,20.65
2014-11-28,20.70,20.70,20.70,20.70,2000,20.70
2014-12-03,20.60,20.70,20.60,20.70,6000,20.70
2014-12-04,20.70,20.70,20.70,20.70,2000,20.70
2014-12-05,20.70,20.70,20.70,20.70,4000,20.70
2014-12-08,20.90,20.90,20.70,20.70,15000,20.70
2014-12-09,20.75,20.80,20.75,20.80,19000,20.80
2014-12-10,20.80,20.90,20.70,20.70,18000,20.70
2014-12-11,20.80,20.80,20.75,20.75,4000,20.75
2014-12-12,20.80,20.95,20.80,20.95,22000,20.95
2014-12-16,20.80,20.95,20.80,20.95,4000,20.95
2014-12-17,20.95,21.15,20.95,21.00,9000,21.00
2014-12-19,21.15,21.45,21.15,21.25,13000,21.25
2014-12-22,21.30,21.85,21.30,21.85,9000,21.85
2014-12-24,21.90,22.00,21.90,22.00,8000,22.00
2014-12-31,21.85,21.85,21.85,21.85,1000,21.85
2015-01-05,20.80,21.35,20.80,21.30,9000,21.30
2015-01-07,21.50,21.50,21.50,21.50,2000,21.50
2015-01-08,21.60,21.95,21.60,21.95,3000,21.95
2015-01-12,21.55,21.55,21.45,21.45,3000,21.45
2015-01-22,21.50,21.50,21.40,21.40,3000,21.40
2015-01-30,21.40,21.40,21.40,21.40,1000,21.40
2015-02-02,21.45,21.45,21.45,21.45,1000,21.45
2015-02-03,21.60,21.60,21.60,21.60,1000,21.60
2015-02-05,21.50,21.55,21.50,21.55,2000,21.55
2015-02-11,21.55,21.55,21.55,21.55,1000,0.0
