2011-08-17,19.76,20.55,19.76,20.16,3703700,17.58
2011-08-18,20.16,20.45,19.76,19.76,2004600,17.23
2011-08-19,19.27,19.27,18.38,18.48,1123100,16.11
2011-08-22,18.58,18.97,17.44,17.54,736900,15.29
2011-08-23,17.88,18.72,17.88,18.72,1111000,16.33
2011-08-24,19.56,19.56,19.17,19.17,1609600,16.71
2011-08-25,19.17,19.17,17.83,17.88,1034800,15.59
2011-08-26,18.08,18.08,17.19,17.49,828500,15.25
2011-08-29,17.49,18.13,17.49,17.79,579200,15.51
2011-08-30,17.79,17.79,16.65,17.44,1020500,15.21
2011-08-31,17.29,17.29,16.80,17.09,857200,14.91
2011-09-01,17.14,18.23,17.14,17.59,792100,15.34
2011-09-02,17.29,17.54,16.80,17.44,392700,15.21
2011-09-05,16.80,17.09,16.80,16.99,337600,14.82
2011-09-06,16.80,17.09,16.65,16.80,495300,14.65
2011-09-07,16.85,16.95,16.65,16.70,394900,14.56
2011-09-08,16.80,16.99,16.70,16.80,342000,14.65
2011-09-09,16.70,16.95,16.70,16.80,333100,14.65
2011-09-13,16.80,16.80,16.30,16.40,264700,14.30
2011-09-14,16.40,16.60,15.71,15.71,397100,13.70
2011-09-15,15.86,16.11,15.71,15.91,268000,13.87
2011-09-16,16.15,16.50,16.06,16.25,215100,14.17
2011-09-19,16.35,16.35,15.91,16.01,174300,13.96
2011-09-20,15.86,16.15,15.86,16.06,172100,14.00
2011-09-21,15.96,16.40,15.96,16.35,235000,14.26
2011-09-22,16.11,17.49,16.11,17.49,631000,15.25
2011-09-23,17.49,17.49,16.60,16.99,636500,14.82
2011-09-26,17.39,17.39,17.39,17.39,221700,15.16
2011-09-27,17.64,17.69,16.80,16.85,444600,14.69
2011-09-28,16.85,17.29,16.85,16.90,204100,14.73
2011-09-29,16.90,17.29,16.55,16.90,185300,14.73
2011-09-30,17.49,17.49,16.95,17.19,242700,14.99
2011-10-03,16.80,17.69,16.80,17.14,218400,14.95
2011-10-04,17.09,17.09,16.75,16.75,406000,14.60
2011-10-05,16.99,16.99,16.60,16.75,211800,14.60
2011-10-06,16.95,17.04,16.75,16.80,342000,14.65
2011-10-07,17.93,17.93,17.93,17.93,1311800,15.64
2011-10-11,17.79,17.88,17.49,17.59,1658200,15.34
2011-10-12,15.81,16.50,15.81,16.50,668900,16.14
2011-10-13,16.50,17.64,16.25,17.64,1308600,17.25
2011-10-14,17.79,18.53,17.49,18.08,1418900,17.68
2011-10-17,18.08,18.48,17.29,17.59,874400,17.20
2011-10-18,17.29,17.59,16.90,16.99,485700,16.62
2011-10-19,16.99,17.29,16.70,16.90,282300,16.52
2011-10-20,16.50,16.90,15.81,16.16,540400,15.80
2011-10-21,16.11,16.30,16.01,16.30,185200,15.94
2011-10-24,16.30,16.70,16.20,16.35,279300,15.99
2011-10-25,16.70,16.99,16.60,16.60,444200,16.23
2011-10-26,16.50,16.50,16.16,16.30,246900,15.94
2011-10-27,16.50,16.50,15.91,16.16,298500,15.80
2011-10-28,16.20,16.50,16.06,16.06,253000,15.70
2011-10-31,16.01,16.01,15.71,15.91,276200,15.56
2011-11-01,15.81,16.11,15.71,16.06,122400,15.70
2011-11-02,15.71,15.81,15.22,15.41,328900,15.07
2011-11-03,15.32,15.66,15.12,15.17,253000,14.83
2011-11-04,15.41,15.51,15.22,15.41,184100,15.07
2011-11-07,15.36,15.86,15.36,15.41,168000,15.07
2011-11-08,15.32,16.20,15.32,15.86,485700,15.51
2011-11-09,15.91,16.01,15.32,15.41,260100,15.07
2011-11-10,14.77,14.92,14.38,14.38,356200,14.06
2011-11-11,14.38,14.48,13.39,13.39,619300,13.09
2011-11-14,13.44,13.73,12.89,13.39,326800,13.09
2011-11-15,13.14,13.44,12.94,12.94,354200,12.66
2011-11-16,13.04,13.24,12.85,12.85,221600,12.56
2011-11-17,12.85,13.34,12.85,13.34,210500,13.04
2011-11-18,13.14,13.14,12.70,12.75,309600,12.46
2011-11-21,12.75,12.75,11.86,11.86,359200,11.59
2011-11-22,11.36,11.46,11.07,11.07,338000,10.82
2011-11-23,10.87,11.07,10.33,10.33,721600,10.10
2011-11-24,9.98,10.72,9.88,10.37,275200,10.15
2011-11-25,10.62,10.62,10.08,10.13,197300,9.90
2011-11-28,10.13,10.42,10.08,10.42,132500,10.19
2011-11-29,10.52,10.87,10.47,10.72,192200,10.48
2011-11-30,10.87,11.02,10.42,10.52,282300,10.29
2011-12-01,10.97,11.21,10.97,11.21,187200,10.97
2011-12-02,11.86,11.96,11.46,11.76,501900,11.50
2011-12-05,11.31,11.36,11.12,11.21,190200,10.97
2011-12-06,10.87,11.76,10.67,10.92,216500,10.68
2011-12-07,11.17,11.31,10.77,10.77,163900,10.53
2011-12-08,10.87,10.97,10.57,10.62,140600,10.39
2011-12-09,10.62,11.36,10.57,11.36,568700,11.11
2011-12-12,11.66,11.71,11.17,11.46,421000,11.21
2011-12-13,11.46,11.71,11.07,11.12,315700,10.87
2011-12-14,11.12,11.41,11.07,11.17,223600,10.92
2011-12-15,10.97,11.31,10.77,10.87,516100,10.63
2011-12-16,10.87,11.61,10.67,10.97,1214400,10.72
2011-12-19,10.23,10.47,10.23,10.23,545500,10.00
2011-12-20,10.23,10.42,9.78,9.98,712400,9.76
2011-12-21,10.33,10.67,10.33,10.57,639600,10.34
2011-12-22,10.18,11.17,10.18,10.77,418900,10.53
2011-12-23,11.07,11.26,10.87,11.12,544400,10.87
2011-12-26,11.36,11.36,10.82,10.97,382500,10.72
2011-12-27,11.26,11.71,10.97,11.66,800500,11.40
2011-12-28,11.66,11.66,11.12,11.26,680100,11.01
2011-12-29,11.21,11.46,11.07,11.26,303600,11.01
2011-12-30,11.41,11.41,10.97,11.02,401700,10.77
2012-01-02,11.02,11.02,11.02,11.02,000,10.77
2012-01-03,11.02,11.02,11.02,11.02,000,10.77
2012-01-04,11.02,11.02,11.02,11.02,000,10.77
2012-01-05,11.02,11.02,11.02,11.02,000,10.77
2012-01-06,11.46,11.56,11.36,11.41,237800,11.16
2012-01-09,11.36,11.46,11.31,11.31,269200,11.06
2012-01-10,11.31,11.46,11.21,11.41,186200,11.16
2012-01-11,11.41,11.41,11.21,11.26,132500,11.01
2012-01-12,11.51,11.76,11.26,11.26,291400,11.01
2012-01-13,11.26,11.36,10.97,11.02,213500,10.77
2012-01-16,11.17,11.17,10.77,10.92,178100,10.68
2012-01-17,11.17,11.36,10.97,11.21,192200,10.97
2012-01-18,11.21,11.81,11.17,11.41,437200,11.16
2012-01-19,11.41,11.41,11.41,11.41,000,11.16
2012-01-20,11.41,11.41,11.41,11.41,000,11.16
2012-01-23,11.41,11.41,11.41,11.41,000,11.16
2012-01-24,11.41,11.41,11.41,11.41,000,11.16
2012-01-25,11.41,11.41,11.41,11.41,000,11.16
2012-01-26,11.41,11.41,11.41,11.41,000,11.16
2012-01-27,11.41,11.41,11.41,11.41,000,11.16
2012-01-30,11.81,12.20,11.56,12.20,629500,11.93
2012-01-31,12.10,13.04,12.10,13.04,806600,12.75
2012-02-01,13.34,13.83,13.04,13.78,1360200,13.48
2012-02-02,14.33,14.72,14.33,14.62,2200200,14.30
2012-02-03,14.43,15.36,14.03,15.17,1721500,14.83
2012-02-06,14.03,15.02,13.93,14.52,1260000,14.20
2012-02-07,14.33,14.52,13.93,13.93,725600,13.62
2012-02-08,14.33,14.38,13.73,14.33,911800,14.01
2012-02-09,14.33,15.02,14.33,14.87,1607100,14.54
2012-02-10,15.02,15.91,15.02,15.91,2271000,15.56
2012-02-13,16.99,16.99,16.99,16.99,959400,16.62
2012-02-14,18.18,18.18,16.99,17.64,4105900,17.25
2012-02-15,16.45,17.74,16.45,17.39,2100000,17.01
2012-02-16,17.09,17.98,17.09,17.29,1459400,16.91
2012-02-17,17.49,17.88,16.50,16.99,1358100,16.62
2012-02-20,17.39,17.44,16.50,17.09,1065700,16.72
2012-02-21,16.80,17.49,16.80,17.19,1002900,16.81
2012-02-22,17.19,18.28,17.19,17.79,2254800,17.39
2012-02-23,17.79,17.88,17.04,17.29,1254900,16.91
2012-02-24,16.99,17.29,16.11,16.30,1973500,15.94
2012-02-27,16.30,16.30,16.30,16.30,000,15.94
2012-02-28,16.30,16.30,16.30,16.30,000,15.94
2012-02-29,16.16,16.30,15.32,15.61,1333900,15.27
2012-03-01,15.61,15.86,15.41,15.61,720500,15.27
2012-03-02,15.90,16.15,15.50,16.00,1487000,15.65
2012-03-05,15.60,15.95,15.40,15.40,692000,15.06
2012-03-06,15.40,15.40,14.35,14.55,1171000,14.23
2012-03-07,14.10,14.80,14.00,14.70,598000,14.37
2012-03-08,14.80,14.90,14.55,14.80,359000,14.47
2012-03-09,14.80,15.30,14.80,15.20,649000,14.86
2012-03-12,15.30,15.30,14.80,14.80,693000,14.47
2012-03-13,14.90,15.10,14.80,14.90,642000,14.57
2012-03-14,15.20,15.20,14.75,15.15,1006000,14.81
2012-03-15,15.15,15.15,14.80,14.85,639000,14.52
2012-03-16,14.95,15.25,14.85,15.00,1005000,14.67
2012-03-19,14.90,15.00,14.85,14.90,825000,14.57
2012-03-20,15.00,15.15,14.75,14.80,363000,14.47
2012-03-21,14.90,14.90,14.55,14.55,404000,14.23
2012-03-22,14.50,14.55,14.30,14.35,252000,14.03
2012-03-23,14.30,14.85,14.30,14.65,313000,14.33
2012-03-26,14.75,14.80,14.55,14.55,208000,14.23
2012-03-27,14.40,14.45,13.80,13.85,1033000,13.54
2012-03-28,13.70,13.80,13.05,13.10,1282000,12.81
2012-03-29,12.95,12.95,12.20,12.20,1262000,11.93
2012-03-30,11.70,12.55,11.70,12.40,777000,12.13
2012-04-02,12.40,12.80,12.30,12.30,257000,12.03
2012-04-03,11.90,12.30,11.45,11.45,628000,11.20
2012-04-04,11.45,11.45,11.45,11.45,000,11.20
2012-04-05,11.00,11.20,10.65,11.10,916000,10.85
2012-04-06,11.05,11.60,11.05,11.45,547000,11.20
2012-04-09,11.00,11.55,10.80,11.30,443000,11.05
2012-04-10,11.45,11.60,11.35,11.40,417000,11.15
2012-04-11,11.05,12.00,11.05,12.00,548000,11.73
2012-04-12,12.00,12.50,11.95,12.40,586000,12.13
2012-04-13,12.65,12.85,12.25,12.25,774000,11.98
2012-04-16,11.50,11.85,11.50,11.60,388000,11.34
2012-04-17,11.80,11.80,11.00,11.10,467000,10.85
2012-04-18,11.40,11.40,11.05,11.05,438000,10.81
2012-04-19,11.05,11.20,10.90,11.10,190000,10.85
2012-04-20,11.20,11.30,10.90,10.95,241000,10.71
2012-04-23,10.95,11.00,10.25,10.35,440000,10.12
2012-04-24,10.35,10.70,10.20,10.60,309000,10.37
2012-04-25,10.30,10.75,10.30,10.75,186000,10.51
2012-04-26,10.85,11.00,10.75,10.75,277000,10.51
2012-04-27,10.75,10.95,10.40,10.40,243000,10.17
2012-04-30,10.65,10.65,10.40,10.65,163000,10.41
2012-05-01,10.65,10.65,10.65,10.65,000,10.41
2012-05-02,10.90,11.15,10.70,11.00,318000,10.76
2012-05-03,10.90,11.00,10.70,10.75,233000,10.51
2012-05-04,10.60,11.50,10.60,11.50,732000,11.25
2012-05-07,11.40,12.20,11.20,12.10,1057000,11.83
2012-05-08,12.50,12.50,12.00,12.25,610000,11.98
2012-05-09,12.20,13.10,12.00,13.10,1391000,12.81
2012-05-10,13.00,13.20,12.60,12.60,1445000,12.32
2012-05-11,12.60,12.70,12.10,12.20,568000,11.93
2012-05-14,12.10,12.20,11.40,11.40,504000,11.15
2012-05-15,11.20,11.60,11.10,11.50,322000,11.25
2012-05-16,11.50,11.70,11.20,11.40,325000,11.15
2012-05-17,11.50,11.65,11.20,11.45,345000,11.20
2012-05-18,11.40,11.70,11.00,11.05,353000,10.81
2012-05-21,11.25,11.80,11.25,11.80,392000,11.54
2012-05-22,12.60,12.60,12.00,12.30,1004000,12.03
2012-05-23,12.25,12.50,12.05,12.30,628000,12.03
2012-05-24,12.20,12.50,11.65,11.65,603000,11.39
2012-05-25,12.40,12.45,12.05,12.45,1631000,12.17
2012-05-28,12.95,13.30,12.70,13.30,1858000,13.01
2012-05-29,14.15,14.20,14.00,14.20,1103000,13.89
2012-05-30,14.75,14.80,14.00,14.15,4223000,13.84
2012-05-31,13.75,15.10,13.70,15.10,3495000,14.77
2012-06-01,15.20,15.90,14.50,14.55,6029000,14.23
2012-06-04,13.80,14.00,13.55,13.55,1748000,13.25
2012-06-05,13.55,14.00,13.10,13.45,2828000,13.15
2012-06-06,13.90,14.35,13.65,14.35,1743000,14.03
2012-06-07,15.35,15.35,14.50,14.60,4755000,14.28
2012-06-08,14.40,14.70,14.05,14.15,1626000,13.84
2012-06-11,14.70,15.10,14.70,15.10,4132000,14.77
2012-06-12,14.80,15.15,14.65,15.05,2801000,14.72
2012-06-13,15.80,16.05,15.35,15.40,4233000,15.06
2012-06-14,15.60,15.70,14.90,15.00,1872000,14.67
2012-06-15,15.05,15.35,14.95,15.05,1693000,14.72
2012-06-18,15.70,15.70,14.95,15.00,2844000,14.67
2012-06-19,15.05,15.70,15.05,15.20,4030000,14.86
2012-06-20,15.40,15.40,14.75,14.75,2130000,14.42
2012-06-21,14.75,14.95,14.50,14.55,1285000,14.23
2012-06-22,14.15,14.50,14.05,14.50,1059000,14.18
2012-06-25,14.50,15.40,14.40,15.30,3973000,14.96
2012-06-26,15.25,15.25,14.50,14.65,2069000,14.33
2012-06-27,14.65,15.10,14.65,14.85,1704000,14.52
2012-06-28,15.05,15.05,14.20,14.30,1740000,13.98
2012-06-29,14.30,15.20,14.15,14.80,3428000,14.47
2012-07-02,15.00,15.00,14.60,14.70,1449000,14.37
2012-07-03,14.90,14.90,14.55,14.65,774000,14.33
2012-07-04,15.00,15.15,14.80,14.85,2120000,14.52
2012-07-05,14.80,15.00,14.65,14.65,909000,14.33
2012-07-06,14.65,14.80,14.35,14.35,760000,14.03
2012-07-09,14.25,14.55,14.25,14.35,517000,14.03
2012-07-10,14.50,14.95,14.40,14.60,1696000,14.28
2012-07-11,14.50,14.60,14.30,14.40,757000,14.08
2012-07-12,14.40,14.50,13.40,13.70,1189000,13.40
2012-07-13,13.70,13.70,12.75,12.75,1701000,12.47
2012-07-16,12.75,12.75,11.90,11.95,1510000,11.69
2012-07-17,11.90,12.30,11.85,12.15,1756000,11.88
2012-07-18,12.20,12.45,12.00,12.00,1504000,11.73
2012-07-19,12.25,12.30,11.95,12.15,1099000,11.88
2012-07-20,12.15,12.60,12.15,12.25,1388000,11.98
2012-07-23,12.20,12.20,11.70,11.75,679000,11.49
2012-07-24,11.75,11.80,11.10,11.35,721000,11.10
2012-07-25,11.20,11.65,11.15,11.35,632000,11.10
2012-07-26,11.55,11.60,11.40,11.50,362000,11.25
2012-07-27,11.70,11.90,11.55,11.70,904000,11.44
2012-07-30,11.80,11.80,11.50,11.50,329000,11.25
2012-07-31,11.35,11.75,11.35,11.75,532000,11.49
2012-08-01,11.70,12.10,11.65,11.80,1114000,11.54
2012-08-02,11.80,11.80,11.80,11.80,000,11.54
2012-08-03,11.80,11.90,11.55,11.60,357000,11.34
2012-08-06,11.70,11.90,11.30,11.30,985000,11.05
2012-08-07,11.30,11.50,11.00,11.10,1131000,10.85
2012-08-08,11.00,11.30,10.70,11.10,960000,10.85
2012-08-09,11.10,11.50,11.10,11.45,896000,11.20
2012-08-10,11.60,11.95,11.45,11.65,922000,11.39
2012-08-13,11.75,11.85,11.35,11.45,1447000,11.20
2012-08-14,11.55,11.65,11.35,11.45,1839000,11.20
2012-08-15,11.55,11.65,11.25,11.25,1494000,11.00
2012-08-16,11.30,11.55,11.10,11.30,3055000,11.05
2012-08-17,11.35,11.55,11.30,11.30,1481000,11.05
2012-08-20,11.40,11.80,11.40,11.55,2543000,11.29
2012-08-21,11.65,12.35,11.65,12.35,3174000,12.08
2012-08-22,12.60,12.95,12.40,12.40,5002000,12.13
2012-08-23,12.35,12.35,11.90,11.90,2144000,11.64
2012-08-24,12.00,12.30,12.00,12.05,1693000,11.78
2012-08-27,12.15,12.25,11.80,11.90,787000,11.64
2012-08-28,12.00,12.10,11.70,11.70,869000,11.44
2012-08-29,11.70,11.90,11.60,11.75,693000,11.49
2012-08-30,11.70,12.05,11.65,11.75,1371000,11.49
2012-08-31,11.70,11.80,11.60,11.65,1022000,11.39
2012-09-03,11.70,11.80,11.65,11.70,486000,11.44
2012-09-04,11.80,12.30,11.75,12.00,1964000,11.73
2012-09-05,12.20,12.20,11.85,11.85,957000,11.59
2012-09-06,11.90,12.55,11.85,12.30,2996000,12.03
2012-09-07,12.50,12.60,12.10,12.10,1464000,11.83
2012-09-10,12.15,12.30,12.05,12.10,936000,11.83
2012-09-11,12.20,12.90,12.20,12.65,3830000,12.37
2012-09-12,12.65,12.65,12.45,12.50,1531000,12.22
2012-09-13,12.60,13.00,12.55,12.55,2848000,12.27
2012-09-14,12.70,12.75,12.50,12.55,1323000,12.27
2012-09-17,12.60,12.70,12.25,12.30,1029000,12.03
2012-09-18,12.30,12.60,12.30,12.35,821000,12.08
2012-09-19,12.55,12.85,12.35,12.40,3208000,12.13
2012-09-20,12.40,12.50,11.85,12.00,1785000,11.73
2012-09-21,12.00,12.20,11.85,11.85,897000,11.59
2012-09-24,11.85,12.05,11.70,11.95,889000,11.69
2012-09-25,12.00,12.15,11.80,11.80,729000,11.54
2012-09-26,11.70,11.95,11.50,11.55,798000,11.29
2012-09-27,11.50,11.75,11.50,11.55,703000,11.29
2012-09-28,11.70,11.85,11.60,11.60,786000,11.34
2012-10-01,11.50,11.65,11.40,11.45,404000,11.20
2012-10-02,11.60,11.60,11.25,11.40,718000,11.15
2012-10-03,11.50,11.60,11.30,11.45,698000,11.20
2012-10-04,11.50,11.50,11.20,11.20,452000,10.95
2012-10-05,11.50,11.50,11.25,11.35,462000,11.10
2012-10-08,11.50,11.50,11.05,11.05,450000,10.81
2012-10-09,11.05,11.15,10.35,10.40,1316000,10.17
2012-10-10,10.40,10.40,10.40,10.40,000,10.17
2012-10-11,10.30,10.55,10.10,10.40,576000,10.17
2012-10-12,10.50,10.50,10.15,10.40,487000,10.17
2012-10-15,10.30,10.30,10.20,10.20,182000,9.97
2012-10-16,10.30,10.40,10.25,10.35,242000,10.12
2012-10-17,10.45,10.65,10.40,10.40,420000,10.17
2012-10-18,10.40,10.45,10.25,10.25,184000,10.02
2012-10-19,10.30,10.40,10.25,10.30,305000,10.07
2012-10-22,10.05,10.15,9.91,10.05,788000,9.83
2012-10-23,10.00,10.25,10.00,10.05,451000,9.83
2012-10-24,10.05,10.05,9.97,10.00,247000,9.78
2012-10-25,10.05,10.05,9.51,9.51,354000,9.30
2012-10-26,9.45,9.50,8.85,8.85,2069000,8.65
2012-10-29,8.70,8.70,8.24,8.24,822000,8.06
2012-10-30,8.20,8.43,8.05,8.26,834000,8.08
2012-10-31,8.32,8.42,8.23,8.23,572000,8.05
2012-11-01,8.23,8.53,8.00,8.45,1150000,8.26
2012-11-02,8.70,8.88,8.50,8.53,900000,8.34
2012-11-05,8.50,8.67,8.41,8.60,598000,8.41
2012-11-06,8.60,9.00,8.60,8.90,716000,8.70
2012-11-07,9.00,9.45,8.90,9.39,1178000,9.18
2012-11-08,9.25,9.44,9.10,9.18,878000,8.98
2012-11-09,9.39,9.57,9.28,9.45,1253000,9.24
2012-11-12,9.45,9.60,9.31,9.45,1052000,9.24
2012-11-13,9.45,9.46,8.90,8.90,585000,8.70
2012-11-14,8.90,9.00,8.80,9.00,608000,8.80
2012-11-15,8.90,9.40,8.90,9.27,1330000,9.06
2012-11-16,9.29,9.43,9.11,9.11,439000,8.91
2012-11-19,9.15,9.15,8.50,8.66,471000,8.47
2012-11-20,8.85,8.88,8.73,8.73,326000,8.54
2012-11-21,8.75,8.84,8.57,8.57,246000,8.38
2012-11-22,8.70,8.79,8.57,8.63,202000,8.44
2012-11-23,8.79,8.95,8.65,8.86,503000,8.66
2012-11-26,8.90,9.22,8.90,9.22,1197000,9.02
2012-11-27,9.22,9.28,9.10,9.11,439000,8.91
2012-11-28,9.10,9.20,8.98,9.05,350000,8.85
2012-11-29,9.15,9.26,9.05,9.10,397000,8.90
2012-11-30,9.24,9.54,9.20,9.33,1523000,9.12
2012-12-03,9.35,9.98,9.32,9.80,3640000,9.58
2012-12-04,9.80,10.10,9.67,10.10,2105000,9.88
2012-12-05,10.10,10.35,9.89,9.91,1069000,9.69
2012-12-06,10.05,10.20,9.65,9.70,911000,9.49
2012-12-07,9.90,9.90,9.50,9.60,603000,9.39
2012-12-10,9.70,9.76,9.56,9.60,392000,9.39
2012-12-11,9.63,9.74,9.47,9.53,669000,9.32
2012-12-12,9.61,9.95,9.61,9.89,1442000,9.67
2012-12-13,9.98,10.55,9.81,10.40,2914000,10.17
2012-12-14,10.35,10.35,10.05,10.05,824000,9.83
2012-12-17,10.05,10.05,9.63,9.74,648000,9.52
2012-12-18,9.70,9.85,9.70,9.71,295000,9.50
2012-12-19,9.92,9.92,9.69,9.71,334000,9.50
2012-12-20,9.71,10.05,9.71,9.83,911000,9.61
2012-12-21,9.90,9.90,9.52,9.63,427000,9.42
2012-12-24,9.98,10.10,9.85,9.89,553000,9.67
2012-12-25,10.00,10.20,9.92,10.00,863000,9.78
2012-12-26,10.00,10.30,9.98,10.00,889000,9.78
2012-12-27,10.00,10.20,9.96,10.00,498000,9.78
2012-12-28,10.20,10.25,9.90,9.90,677000,9.68
2012-12-31,9.90,9.90,9.90,9.90,000,9.68
2013-01-01,9.90,9.90,9.90,9.90,000,9.68
2013-01-02,10.00,10.00,9.90,9.90,467000,9.68
2013-01-03,10.00,10.20,9.95,10.00,1112000,9.78
2013-01-04,10.25,10.70,10.25,10.70,4626000,10.46
2013-01-07,11.15,11.40,11.05,11.40,2530000,11.15
2013-01-08,11.80,12.10,11.50,12.05,8488000,11.78
2013-01-09,12.15,12.50,11.70,11.80,3468000,11.54
2013-01-10,12.20,12.60,11.70,11.95,8233000,11.69
2013-01-11,11.90,12.70,11.80,12.70,5977000,12.42
2013-01-14,12.70,13.55,12.60,13.55,10117000,13.25
2013-01-15,14.45,14.45,14.45,14.45,7582000,14.13
2013-01-16,14.90,15.25,14.15,14.25,22193000,13.93
2013-01-17,14.20,14.50,13.35,13.60,9713000,13.30
2013-01-18,14.10,14.55,13.60,14.55,13828000,14.23
2013-01-21,14.65,15.30,14.55,14.65,19026000,14.33
2013-01-22,14.70,14.90,13.95,14.00,7460000,13.69
2013-01-23,14.10,14.25,13.75,14.00,4850000,13.69
2013-01-24,14.00,14.20,13.70,13.70,3148000,13.40
2013-01-25,13.70,13.70,12.80,12.80,6369000,12.52
2013-01-28,12.90,13.25,12.70,13.25,5937000,12.96
2013-01-29,13.25,14.15,13.05,14.15,8190000,13.84
2013-01-30,14.15,14.35,13.80,13.80,6928000,13.49
2013-01-31,13.90,14.15,13.65,13.90,4036000,13.59
2013-02-01,14.00,14.25,13.65,13.70,3724000,13.40
2013-02-04,13.95,14.00,13.35,13.35,2653000,13.05
2013-02-05,13.30,13.60,13.15,13.15,2680000,12.86
2013-02-06,13.40,13.45,13.00,13.00,2079000,12.71
2013-02-07,13.00,13.00,13.00,13.00,000,12.71
2013-02-08,13.00,13.00,13.00,13.00,000,12.71
2013-02-11,13.00,13.00,13.00,13.00,000,12.71
2013-02-12,13.00,13.00,13.00,13.00,000,12.71
2013-02-13,13.00,13.00,13.00,13.00,000,12.71
2013-02-14,13.00,13.00,13.00,13.00,000,12.71
2013-02-15,13.00,13.00,13.00,13.00,000,12.71
2013-02-18,13.55,13.60,13.25,13.30,2033000,13.01
2013-02-19,13.15,13.90,13.15,13.85,3774000,13.54
2013-02-20,13.90,13.95,13.60,13.75,2377000,13.45
2013-02-21,13.65,14.10,13.60,13.80,2603000,13.49
2013-02-22,13.95,13.95,13.30,13.40,1923000,13.10
2013-02-25,13.20,13.50,13.10,13.20,2945000,12.91
2013-02-26,13.45,13.90,13.30,13.35,2988000,13.05
2013-02-27,13.45,13.55,13.10,13.10,1444000,12.81
2013-02-28,13.10,13.10,13.10,13.10,000,12.81
2013-03-01,13.40,13.80,13.10,13.55,2266000,13.25
2013-03-04,13.80,13.80,13.35,13.40,2178000,13.10
2013-03-05,13.35,13.50,13.20,13.25,1869000,12.96
2013-03-06,13.50,14.15,13.40,14.15,7338000,13.84
2013-03-07,15.00,15.10,14.65,14.85,20564000,14.52
2013-03-08,14.85,15.25,14.55,15.00,10453000,14.67
2013-03-11,15.30,16.05,14.95,16.05,15278000,15.69
2013-03-12,16.35,16.80,15.50,15.60,19813000,15.25
2013-03-13,15.60,16.20,15.25,16.00,10910000,15.65
2013-03-14,16.00,16.30,15.55,15.55,6780000,15.21
2013-03-15,15.60,16.00,15.20,15.20,6317000,14.86
2013-03-18,15.10,15.30,14.15,14.25,5606000,13.93
2013-03-19,14.30,15.20,14.30,15.20,7547000,14.86
2013-03-20,15.15,15.25,14.80,14.85,4667000,14.52
2013-03-21,15.00,15.40,14.80,14.90,5217000,14.57
2013-03-22,15.00,15.50,14.90,15.15,7985000,14.81
2013-03-25,15.40,15.40,14.85,14.85,4331000,14.52
2013-03-26,14.85,14.85,14.30,14.35,3241000,14.03
2013-03-27,14.45,15.20,14.45,14.70,6665000,14.37
2013-03-28,14.70,14.85,14.40,14.45,2942000,14.13
2013-03-29,14.45,15.00,14.45,14.60,4912000,14.28
2013-04-01,14.60,14.60,14.20,14.35,2983000,14.03
2013-04-02,14.40,15.00,14.40,14.80,5232000,14.47
2013-04-03,14.95,15.00,14.50,14.65,3695000,14.33
2013-04-04,14.65,14.65,14.65,14.65,000,14.33
2013-04-05,14.65,14.65,14.65,14.65,000,14.33
2013-04-08,14.05,14.20,13.65,13.70,3961000,13.40
2013-04-09,13.80,14.00,13.60,13.70,3176000,13.40
2013-04-10,14.20,14.65,14.10,14.65,4453000,14.33
2013-04-11,14.80,14.95,14.35,14.35,7354000,14.03
2013-04-12,14.35,14.60,14.30,14.35,3036000,14.03
2013-04-15,14.35,14.55,13.95,13.95,2149000,13.64
2013-04-16,13.50,14.30,13.50,14.20,3359000,13.89
2013-04-17,14.20,14.55,14.15,14.25,3057000,13.93
2013-04-18,14.10,14.40,14.00,14.05,1655000,13.74
2013-04-19,14.25,14.80,14.15,14.35,3289000,14.03
2013-04-22,14.50,14.50,14.10,14.15,1914000,13.84
2013-04-23,14.30,14.35,14.00,14.10,913000,13.79
2013-04-24,14.20,14.45,14.15,14.20,1312000,13.89
2013-04-25,14.30,14.70,14.30,14.55,2050000,14.23
2013-04-26,14.80,15.35,14.55,14.55,7089000,14.23
2013-04-29,14.85,15.55,14.85,15.35,14182000,15.01
2013-04-30,15.50,15.70,15.05,15.20,5064000,14.86
2013-05-01,15.20,15.20,15.20,15.20,000,14.86
2013-05-02,15.05,15.20,14.65,14.75,3053000,14.42
2013-05-03,15.00,15.40,14.85,14.85,4662000,14.52
2013-05-06,15.10,15.10,14.65,14.75,2177000,14.42
2013-05-07,14.95,15.10,14.75,15.00,2855000,14.67
2013-05-08,15.10,15.30,14.90,14.95,5773000,14.62
2013-05-09,15.20,15.80,15.20,15.45,12480000,15.11
2013-05-10,15.75,16.05,15.55,15.80,16559000,15.45
2013-05-13,16.00,16.45,15.80,16.10,12651000,15.74
2013-05-14,16.20,16.25,15.60,15.80,5434000,15.45
2013-05-15,15.95,16.20,15.75,16.00,7169000,15.65
2013-05-16,16.25,16.30,15.40,15.50,9443000,15.16
2013-05-17,15.50,15.85,15.50,15.65,4240000,15.30
2013-05-20,15.95,16.05,15.70,15.80,3333000,15.45
2013-05-21,16.00,16.40,15.70,15.75,11481000,15.40
2013-05-22,15.75,15.80,15.20,15.40,5913000,15.06
2013-05-23,15.80,16.00,15.40,15.40,7160000,15.06
2013-05-24,15.50,15.60,15.20,15.35,3267000,15.01
2013-05-27,15.50,15.50,15.20,15.35,2284000,15.01
2013-05-28,15.35,15.75,15.35,15.40,4529000,15.06
2013-05-29,15.40,15.40,14.75,14.95,3271000,14.62
2013-05-30,14.95,15.20,14.85,15.05,1791000,14.72
2013-05-31,15.20,15.30,14.90,14.90,2331000,14.57
2013-06-03,14.70,15.25,14.70,15.20,2331000,14.86
2013-06-04,15.25,15.40,14.95,15.00,2723000,14.67
2013-06-05,15.30,15.30,14.65,14.65,2491000,14.33
2013-06-06,14.70,14.80,14.20,14.30,2042000,13.98
2013-06-07,14.60,14.85,14.00,14.15,3521000,13.84
2013-06-10,14.35,14.35,14.10,14.15,1120000,13.84
2013-06-11,14.30,14.40,14.15,14.20,1621000,13.89
2013-06-12,14.20,14.20,14.20,14.20,000,13.89
2013-06-13,14.20,14.60,14.15,14.45,3903000,14.13
2013-06-14,14.50,14.70,13.65,13.80,2620000,13.49
2013-06-17,13.80,14.00,13.70,13.95,1056000,13.64
2013-06-18,14.05,14.30,13.95,14.20,867000,13.89
2013-06-19,14.25,14.25,13.80,13.90,1353000,13.59
2013-06-20,13.65,13.75,13.50,13.60,935000,13.30
2013-06-21,13.10,13.40,12.90,13.10,1278000,12.81
2013-06-24,13.30,13.60,13.20,13.30,907000,13.01
2013-06-25,13.10,13.40,12.70,12.70,630000,12.42
2013-06-26,13.10,13.55,13.10,13.55,2321000,13.25
2013-06-27,13.90,13.95,13.45,13.50,1901000,13.20
2013-06-28,13.60,13.70,13.35,13.45,1211000,13.15
2013-07-01,13.60,13.90,13.55,13.90,1472000,13.59
2013-07-02,14.00,14.00,13.65,13.70,770000,13.40
2013-07-03,13.70,13.85,13.55,13.75,994000,13.45
2013-07-04,13.85,14.25,13.80,13.95,3493000,13.64
2013-07-05,13.95,14.00,13.55,13.70,1181000,13.40
2013-07-08,13.85,13.90,13.20,13.30,770000,13.01
2013-07-09,13.40,13.60,13.40,13.50,760000,13.20
2013-07-10,13.50,13.55,13.10,13.15,1021000,12.86
2013-07-11,13.30,13.55,13.25,13.25,889000,12.96
2013-07-12,13.35,13.40,13.15,13.20,452000,12.91
2013-07-15,13.30,13.75,13.25,13.65,2054000,13.35
2013-07-16,13.90,13.90,13.35,13.35,1196000,13.05
2013-07-17,13.50,13.60,13.30,13.35,800000,13.05
2013-07-18,13.35,13.35,13.00,13.00,1182000,12.71
2013-07-19,13.00,13.40,12.85,13.20,1170000,12.91
2013-07-22,13.30,13.35,13.10,13.25,563000,12.96
2013-07-23,13.50,14.15,13.50,14.15,4072000,13.84
2013-07-24,14.15,14.35,14.10,14.10,7274000,13.79
2013-07-25,13.95,14.45,13.95,14.00,3230000,13.69
2013-07-26,14.00,14.25,13.70,13.70,2394000,13.40
2013-07-29,13.50,13.55,13.15,13.25,1734000,12.96
2013-07-30,13.20,13.50,13.20,13.40,466000,13.10
2013-07-31,13.40,13.40,13.00,13.05,750000,12.76
2013-08-01,13.20,13.35,13.05,13.30,878000,13.01
2013-08-02,13.45,13.50,13.20,13.20,664000,12.91
2013-08-05,13.20,13.60,13.20,13.45,1012000,13.15
2013-08-06,13.55,13.75,13.30,13.40,1265000,13.10
2013-08-07,14.30,14.30,14.15,14.30,10355000,13.98
2013-08-08,14.40,14.85,14.15,14.80,9200000,14.47
2013-08-09,14.80,15.15,14.45,14.45,5691000,14.13
2013-08-12,14.45,14.65,14.15,14.25,1695000,13.93
2013-08-13,14.30,14.80,14.30,14.70,3274000,14.37
2013-08-14,14.70,14.70,14.30,14.45,1413000,14.13
2013-08-15,14.60,14.75,14.40,14.55,2617000,14.23
2013-08-16,14.45,15.30,14.45,15.20,8753000,14.86
2013-08-19,15.20,15.40,15.05,15.05,5482000,14.72
2013-08-20,15.05,15.10,14.45,14.55,2992000,14.23
2013-08-21,14.55,14.55,14.55,14.55,000,14.23
2013-08-22,14.45,14.75,14.40,14.60,1606000,14.28
2013-08-23,14.70,14.90,14.70,14.80,1477000,14.47
2013-08-26,15.10,15.10,14.80,14.80,1719000,14.47
2013-08-27,14.80,14.90,14.35,14.55,1336000,14.23
2013-08-28,14.55,14.85,14.55,14.70,1686000,14.37
2013-08-29,15.00,15.50,15.00,15.20,9895000,14.86
2013-08-30,15.20,15.20,14.75,14.80,3475000,14.47
2013-09-02,15.00,15.40,15.00,15.25,7370000,14.91
2013-09-03,15.30,15.35,14.95,15.15,2608000,14.81
2013-09-04,15.25,15.70,15.20,15.45,5936000,15.11
2013-09-05,15.50,15.60,15.15,15.25,4592000,14.91
2013-09-06,15.50,15.90,15.40,15.55,8019000,15.21
2013-09-09,15.15,15.15,14.50,14.50,5836000,14.18
2013-09-10,14.40,14.50,13.80,14.00,4111000,13.69
2013-09-11,13.90,14.35,13.90,14.05,2069000,13.74
2013-09-12,14.05,14.30,14.05,14.10,1066000,13.79
2013-09-13,14.25,14.40,14.10,14.40,2125000,14.08
2013-09-16,14.30,14.40,14.10,14.15,1280000,13.84
2013-09-17,14.25,14.35,14.15,14.30,729000,13.98
2013-09-18,14.40,14.90,14.40,14.65,6662000,14.33
2013-09-20,14.65,14.65,14.65,14.65,000,14.33
2013-09-23,14.75,14.95,14.60,14.85,3210000,14.52
2013-09-24,14.85,14.90,14.45,14.60,2601000,14.28
2013-09-25,14.60,15.15,14.45,14.80,5545000,14.47
2013-09-26,14.85,14.85,14.25,14.35,2729000,14.03
2013-09-27,14.50,14.60,14.35,14.40,1268000,14.08
2013-09-30,14.30,14.85,14.25,14.60,3345000,14.28
2013-10-01,14.65,15.40,14.60,14.65,8448000,14.33
2013-10-02,14.85,15.05,14.75,14.80,2957000,14.47
2013-10-03,14.90,15.05,14.70,14.80,2813000,14.47
2013-10-04,15.00,15.80,14.90,15.80,14076000,15.45
2013-10-07,15.90,16.45,15.70,16.05,14317000,15.69
2013-10-08,16.05,16.35,15.80,15.85,6881000,15.50
2013-10-09,15.85,16.20,15.35,15.45,7275000,15.11
2013-10-10,15.45,15.45,15.45,15.45,000,15.11
2013-10-11,15.65,16.05,15.60,16.05,7646000,15.69
2013-10-14,17.15,17.15,16.75,17.15,20451000,16.77
2013-10-15,17.50,18.35,17.35,18.35,20166000,17.94
2013-10-16,18.75,19.40,18.35,19.05,25658000,18.63
2013-10-17,19.10,19.55,18.85,19.55,16772000,19.12
2013-10-18,19.50,19.70,18.95,19.00,15023000,18.58
2013-10-21,18.95,20.30,18.65,20.30,21980000,19.85
2013-10-22,20.40,21.40,20.10,20.65,28978000,20.19
2013-10-23,20.60,21.05,20.00,20.65,18867000,20.19
2013-10-24,20.65,22.05,20.50,22.05,24916000,21.56
2013-10-25,22.30,23.55,21.70,22.10,47338000,21.61
2013-10-28,21.90,22.35,21.05,22.10,27177000,21.61
2013-10-29,22.00,22.70,21.80,22.10,24154000,21.61
2013-10-30,22.40,22.60,21.80,21.95,17988000,21.46
2013-10-31,22.10,22.80,21.95,22.10,23605000,21.61
2013-11-01,22.30,22.55,22.05,22.05,10778000,21.56
2013-11-04,22.15,22.60,21.50,22.45,12518000,21.95
2013-11-05,23.00,24.00,22.50,23.20,21082000,22.69
2013-11-06,23.60,24.80,22.90,24.80,16609000,24.25
2013-11-07,25.90,26.45,24.20,25.50,27659000,24.94
2013-11-08,24.95,25.80,24.30,25.10,24255000,24.54
2013-11-11,25.40,25.90,24.90,25.45,13673000,24.89
2013-11-12,25.65,25.85,23.75,24.30,17286000,23.76
2013-11-13,24.00,25.75,23.80,25.40,24389000,24.84
2013-11-14,25.70,25.90,24.80,25.00,19428000,24.45
2013-11-15,25.00,25.90,24.80,25.75,19750000,25.18
2013-11-18,25.90,26.20,24.90,25.10,14054000,24.54
2013-11-19,25.00,25.40,24.60,25.10,9603000,24.54
2013-11-20,25.30,25.55,25.00,25.00,6251000,24.45
2013-11-21,25.00,25.25,24.20,24.70,9066000,24.15
2013-11-22,25.00,25.20,24.30,24.30,6147000,23.76
2013-11-25,24.95,25.10,24.65,24.75,7206000,24.20
2013-11-26,24.70,25.10,24.30,25.10,7730000,24.54
2013-11-27,25.20,26.85,25.15,26.85,12865000,26.26
2013-11-28,28.40,28.65,27.60,28.60,31102000,27.97
2013-11-29,28.60,29.40,28.15,28.80,19113000,28.16
2013-12-02,28.80,29.40,28.30,29.20,13682000,28.55
2013-12-03,29.20,30.75,29.00,30.10,22019000,29.43
2013-12-04,30.10,30.35,28.50,29.10,18667000,28.46
2013-12-05,29.30,29.50,28.30,29.50,13247000,28.85
2013-12-06,29.50,29.90,28.70,28.75,13729000,28.11
2013-12-09,29.00,29.10,27.00,27.25,15076000,26.65
2013-12-10,27.00,28.20,27.00,28.00,12137000,27.38
2013-12-11,28.25,28.30,27.35,27.35,7401000,26.74
2013-12-12,27.00,27.90,26.80,27.40,8125000,26.79
2013-12-13,27.30,27.90,27.20,27.80,8193000,27.18
2013-12-16,27.80,28.35,27.45,27.45,9906000,26.84
2013-12-17,27.70,28.20,27.55,27.65,8253000,27.04
2013-12-18,27.85,28.05,27.40,27.45,6451000,26.84
2013-12-19,27.80,27.80,26.60,27.00,11100000,26.40
2013-12-20,27.00,27.65,26.85,26.85,9873000,26.26
2013-12-23,26.85,26.85,25.80,26.20,12036000,25.62
2013-12-24,26.25,28.00,26.00,28.00,18581000,27.38
2013-12-25,28.30,28.85,28.15,28.35,21152000,27.72
2013-12-26,28.35,28.60,28.05,28.25,11741000,27.62
2013-12-27,28.25,28.75,28.25,28.25,12021000,27.62
2013-12-30,28.30,29.90,28.30,29.35,25943000,28.70
2013-12-31,29.50,29.85,28.50,28.50,26321000,27.87
2014-01-01,28.50,28.50,28.50,28.50,000,27.87
2014-01-02,28.00,28.20,27.45,27.50,14105000,26.89
2014-01-03,27.45,28.85,27.45,28.15,13851000,27.53
2014-01-06,28.35,28.90,27.80,27.80,7724000,27.18
2014-01-07,28.50,29.30,28.05,28.85,19807000,28.21
2014-01-08,29.05,29.25,28.55,29.05,12035000,28.41
2014-01-09,29.50,29.65,28.20,28.35,17571000,27.72
2014-01-10,28.40,29.15,28.40,28.40,8983000,27.77
2014-01-13,29.00,29.00,27.55,28.00,8747000,27.38
2014-01-14,28.20,28.40,27.55,28.20,6742000,27.58
2014-01-15,28.45,28.45,27.90,27.90,4227000,27.28
2014-01-16,27.90,28.10,26.80,27.35,9588000,26.74
2014-01-17,27.10,27.95,27.10,27.25,5060000,26.65
2014-01-20,27.65,27.65,26.85,26.85,4149000,26.26
2014-01-21,27.00,27.90,26.65,27.55,7256000,26.94
2014-01-22,27.60,27.85,27.30,27.30,3252000,26.70
2014-01-23,27.45,28.15,27.25,27.55,9219000,26.94
2014-01-24,27.55,27.80,27.05,27.15,3551000,26.55
2014-01-27,26.50,26.85,25.25,25.30,8620000,24.74
2014-01-28,25.30,25.30,25.30,25.30,000,24.74
2014-01-29,25.30,25.30,25.30,25.30,000,24.74
2014-01-30,25.30,25.30,25.30,25.30,000,24.74
2014-01-31,25.30,25.30,25.30,25.30,000,24.74
2014-02-03,25.30,25.30,25.30,25.30,000,24.74
2014-02-05,23.70,25.50,23.70,25.50,4200000,24.94
2014-02-06,25.60,26.80,25.60,26.60,6598000,26.01
2014-02-07,26.60,26.75,25.70,25.90,5014000,25.33
2014-02-10,25.80,26.30,25.65,25.65,3278000,25.08
2014-02-11,25.70,25.90,25.40,25.85,2359000,25.28
2014-02-12,26.00,26.25,25.65,26.25,2973000,25.67
2014-02-13,26.30,26.60,25.60,25.65,3025000,25.08
2014-02-14,25.70,25.95,25.60,25.65,2386000,25.08
2014-02-17,24.80,25.15,23.90,23.90,6576000,23.37
2014-02-18,23.90,24.25,23.70,24.00,3850000,23.47
2014-02-19,24.00,24.15,23.05,23.20,4395000,22.69
2014-02-20,23.30,23.85,23.30,23.50,2997000,22.98
2014-02-21,23.90,24.20,23.60,24.05,3960000,23.52
2014-02-24,24.25,25.10,24.20,24.80,5129000,24.25
2014-02-25,25.50,25.50,24.40,24.80,4315000,24.25
2014-02-26,24.80,24.80,24.35,24.40,1831000,23.86
2014-02-27,24.50,24.95,24.50,24.50,1573000,23.96
2014-02-28,24.50,24.50,24.50,24.50,000,23.96
2014-03-03,24.60,24.85,24.40,24.75,1992000,24.20
2014-03-04,24.95,25.15,24.45,24.45,2058000,23.91
2014-03-05,25.50,25.55,25.05,25.15,5645000,24.59
2014-03-06,25.45,26.20,25.25,25.70,7327000,25.13
2014-03-07,25.90,26.00,24.80,25.00,4260000,24.45
2014-03-10,25.10,25.30,24.85,24.90,1865000,24.35
2014-03-11,25.20,25.30,24.90,25.20,1947000,24.64
2014-03-12,25.20,25.20,24.50,25.00,2928000,24.45
2014-03-13,25.35,25.40,24.80,24.85,3062000,24.30
2014-03-14,24.70,25.10,24.60,24.75,2108000,24.20
2014-03-17,25.00,25.00,24.75,24.90,2704000,24.35
2014-03-18,25.30,26.60,25.10,26.60,14186000,26.01
2014-03-19,27.00,27.40,26.65,27.25,22616000,26.65
2014-03-20,27.15,27.55,26.50,26.50,9738000,25.91
2014-03-21,26.70,27.30,26.70,26.80,10593000,26.21
2014-03-24,26.80,27.10,25.60,26.05,10211000,25.47
2014-03-25,26.20,26.95,26.10,26.25,8265000,25.67
2014-03-26,26.50,26.55,26.00,26.00,6380000,25.42
2014-03-27,26.00,26.25,25.10,25.20,9324000,24.64
2014-03-28,25.00,25.10,23.60,23.80,11620000,23.27
2014-03-31,23.80,24.15,23.60,23.60,7127000,23.08
2014-04-01,23.60,25.25,23.60,25.25,12265000,24.69
2014-04-02,25.20,26.50,24.80,25.40,19276000,24.84
2014-04-03,25.25,25.75,24.95,24.95,7347000,24.40
2014-04-04,24.95,24.95,24.95,24.95,000,24.40
2014-04-07,24.85,25.85,24.60,25.85,6006000,25.28
2014-04-08,25.70,26.00,25.45,25.50,6438000,24.94
2014-04-09,25.70,25.75,25.05,25.05,5675000,24.50
2014-04-10,25.05,25.90,25.05,25.15,22876000,24.59
2014-04-11,23.40,24.10,23.40,23.60,18553000,23.08
2014-04-14,23.40,23.60,22.10,22.10,12060000,21.61
2014-04-15,22.40,22.75,22.30,22.45,3891000,21.95
2014-04-16,22.80,22.80,22.00,22.65,4535000,22.15
2014-04-17,22.75,22.90,22.50,22.50,2951000,22.00
2014-04-18,22.90,23.60,22.80,23.45,5939000,22.93
2014-04-21,23.45,24.30,23.35,23.75,6843000,23.22
2014-04-22,24.00,24.05,23.10,23.20,3225000,22.69
2014-04-23,23.20,23.45,22.85,23.05,2381000,22.54
2014-04-24,23.00,23.45,22.75,22.75,1886000,22.25
2014-04-25,22.95,23.10,21.40,21.95,4652000,21.46
2014-04-28,21.15,22.80,21.10,22.60,4558000,22.10
2014-04-29,22.60,22.80,22.20,22.30,3712000,21.81
2014-04-30,22.40,22.50,21.50,21.80,2915000,21.32
2014-05-01,21.80,21.80,21.80,21.80,000,21.32
2014-05-02,21.90,22.25,21.85,22.00,2224000,21.51
2014-05-05,22.40,22.55,22.00,22.40,2468000,21.90
2014-05-06,22.50,22.75,22.40,22.50,3476000,22.00
2014-05-07,23.05,23.40,22.80,22.80,6079000,22.30
2014-05-08,23.10,23.35,22.70,23.35,4519000,22.83
2014-05-09,23.80,23.90,23.00,23.00,7866000,22.49
2014-05-12,23.50,24.55,23.10,23.90,14290000,23.37
2014-05-13,24.40,24.80,23.65,23.65,10421000,23.13
2014-05-14,23.80,24.40,23.60,23.85,5430000,23.32
2014-05-15,23.65,23.85,23.50,23.55,3010000,23.03
2014-05-16,23.35,23.90,23.35,23.65,2897000,23.13
2014-05-19,23.85,24.25,23.80,24.15,5897000,23.62
2014-05-20,24.50,24.55,23.95,24.05,6969000,23.52
2014-05-21,24.10,24.40,23.65,23.70,4280000,23.18
2014-05-22,24.00,24.30,23.90,23.90,4599000,23.37
2014-05-23,24.30,24.30,23.85,24.10,3412000,23.57
2014-05-26,24.20,24.40,23.90,24.20,6217000,23.66
2014-05-27,24.20,24.30,23.90,23.90,2739000,23.37
2014-05-28,23.95,24.40,23.90,24.00,4357000,23.47
2014-05-29,24.05,24.30,23.95,24.10,3781000,23.57
2014-05-30,24.30,24.95,24.25,24.65,13383000,24.10
2014-06-02,24.65,24.65,24.65,24.65,000,24.10
2014-06-03,24.70,24.75,24.25,24.30,4457000,23.76
2014-06-04,24.50,24.65,24.15,24.15,3396000,23.62
2014-06-05,24.20,24.30,23.65,23.90,6314000,23.37
2014-06-06,24.00,24.10,23.65,23.75,4140000,23.22
2014-06-09,24.30,25.40,24.20,25.40,9088000,24.84
2014-06-10,26.00,26.15,25.20,25.65,30601000,25.08
2014-06-11,26.00,27.40,26.00,27.35,29151000,26.74
2014-06-12,27.35,28.50,27.10,27.65,27880000,27.04
2014-06-13,27.65,28.10,27.25,27.50,10845000,26.89
2014-06-16,27.85,28.50,27.70,28.00,10954000,27.38
2014-06-17,28.35,29.10,28.05,28.05,17691000,27.43
2014-06-18,28.15,28.45,26.20,26.80,16756000,26.21
2014-06-19,27.00,27.40,26.90,27.20,5935000,26.60
2014-06-20,27.40,27.90,27.00,27.70,8250000,27.09
2014-06-23,27.60,27.60,25.80,25.80,14125000,25.23
2014-06-24,25.00,25.80,24.50,25.80,7187000,25.23
2014-06-25,25.50,26.20,25.30,25.50,5826000,24.94
2014-06-26,25.70,26.10,24.85,25.00,7141000,24.45
2014-06-27,24.80,25.15,24.65,24.85,4675000,24.30
2014-06-30,25.20,25.30,24.85,25.30,3925000,24.74
2014-07-01,25.50,26.00,25.40,25.70,8351000,25.13
2014-07-02,25.80,25.90,24.95,25.20,5845000,24.64
2014-07-03,25.30,25.65,25.20,25.50,3779000,24.94
2014-07-04,25.90,25.95,25.35,25.50,4237000,24.94
2014-07-07,24.70,25.00,24.15,24.25,5722000,23.71
2014-07-08,24.20,24.35,23.80,24.10,4376000,23.57
2014-07-09,23.80,24.20,23.70,23.70,2235000,23.18
2014-07-10,23.70,23.80,23.00,23.10,4596000,22.59
2014-07-11,23.00,23.00,22.00,22.65,5404000,22.15
2014-07-14,22.35,22.85,22.35,22.80,3094000,22.80
2014-07-15,22.90,23.95,22.90,23.80,6090000,23.80
2014-07-16,23.85,24.00,23.30,23.60,3565000,23.60
2014-07-17,23.70,24.30,23.65,23.95,7205000,23.95
2014-07-18,23.80,24.40,23.75,23.80,3149000,23.80
2014-07-21,23.90,23.95,23.40,23.45,1749000,23.45
2014-07-22,23.45,23.95,23.35,23.80,1867000,23.80
2014-07-23,23.80,23.80,23.80,23.80,000,23.80
2014-07-24,23.80,24.80,23.60,24.50,5254000,24.50
2014-07-25,24.50,24.80,24.10,24.10,3604000,24.10
2014-07-28,22.45,22.45,22.45,22.45,1806000,22.45
2014-07-29,20.90,21.85,20.90,21.30,7528000,21.30
2014-07-30,21.15,21.60,21.10,21.50,2955000,21.50
2014-07-31,21.65,21.65,21.25,21.50,1886000,21.50
2014-08-01,21.00,21.35,20.65,20.80,2705000,20.80
2014-08-04,20.60,21.25,20.60,21.25,1611000,21.25
2014-08-05,21.25,21.50,20.95,20.95,1662000,20.95
2014-08-06,20.80,21.00,19.50,19.50,5414000,19.50
2014-08-07,19.20,19.90,19.05,19.05,4025000,19.05
2014-08-08,19.00,19.35,18.65,19.15,4023000,19.15
2014-08-11,19.25,19.60,19.25,19.40,1659000,19.40
2014-08-12,19.50,19.65,19.20,19.40,2100000,19.40
2014-08-13,19.40,19.40,18.95,19.00,2165000,19.00
2014-08-14,19.15,19.40,18.95,19.05,1625000,19.05
2014-08-15,19.05,19.25,18.90,18.90,969000,18.90
2014-08-18,18.50,18.50,17.60,17.60,2118000,17.60
2014-08-19,17.50,18.50,17.10,18.35,7611000,18.35
2014-08-20,18.80,18.80,18.30,18.30,3177000,18.30
2014-08-21,18.10,18.50,17.70,18.40,2548000,18.40
2014-08-22,18.60,18.85,18.50,18.65,2179000,18.65
2014-08-25,18.80,19.80,18.75,19.65,4473000,19.65
2014-08-26,19.65,19.80,19.30,19.40,2759000,19.40
2014-08-27,19.60,19.70,19.25,19.25,2171000,19.25
2014-08-28,19.45,19.70,19.25,19.70,3507000,19.70
2014-08-29,19.85,20.30,19.70,20.10,4325000,20.10
2014-09-01,20.10,20.30,19.70,19.70,2023000,19.70
2014-09-02,19.85,20.70,19.85,20.25,5251000,20.25
2014-09-03,20.25,20.50,19.80,20.00,2113000,20.00
2014-09-04,20.05,20.30,19.90,19.90,1211000,19.90
2014-09-05,20.00,20.35,19.90,20.10,1768000,20.10
2014-09-08,20.10,20.10,20.10,20.10,000,20.10
2014-09-09,20.45,20.45,19.95,19.95,1424000,19.95
2014-09-10,19.95,20.00,19.70,19.85,1386000,19.85
2014-09-11,20.00,20.25,19.90,19.90,1386000,19.90
2014-09-12,20.20,20.20,19.75,19.75,1656000,19.75
2014-09-15,19.70,19.90,19.55,19.60,911000,19.60
2014-09-16,19.60,19.85,18.25,18.40,5074000,18.40
2014-09-17,18.50,18.75,18.45,18.60,2177000,18.60
2014-09-18,18.80,19.90,18.75,19.90,6411000,19.90
2014-09-19,19.95,20.30,19.75,19.75,4616000,19.75
2014-09-22,19.75,20.30,19.55,20.00,3577000,20.00
2014-09-23,20.40,21.05,20.20,20.40,9974000,20.40
2014-09-24,20.40,20.65,20.20,20.40,2378000,20.40
2014-09-25,20.80,20.80,19.85,20.05,2969000,20.05
2014-09-26,19.90,20.30,19.90,19.90,1822000,19.90
2014-09-29,20.00,20.50,20.00,20.25,1987000,20.25
2014-09-30,20.20,20.40,19.60,20.00,2046000,20.00
2014-10-01,19.90,20.20,19.85,19.85,1401000,19.85
2014-10-02,20.00,20.35,19.85,20.10,2781000,20.10
2014-10-03,20.30,20.45,20.10,20.25,1548000,20.25
2014-10-06,20.40,20.40,20.10,20.10,1445000,20.10
2014-10-07,20.60,21.30,20.55,20.90,10424000,20.90
2014-10-08,20.85,20.90,20.25,20.25,4009000,20.25
2014-10-09,20.50,20.75,19.85,19.85,3456000,19.85
2014-10-10,19.85,19.85,19.85,19.85,000,19.85
2014-10-13,18.60,19.25,18.60,18.65,3172000,18.65
2014-10-14,18.60,18.90,18.55,18.80,2023000,18.80
2014-10-15,19.00,19.10,18.20,18.25,2312000,18.25
2014-10-16,18.00,18.25,17.00,18.05,4030000,18.05
2014-10-17,18.15,18.25,17.05,17.05,2615000,17.05
2014-10-20,17.60,17.85,17.25,17.80,3186000,17.80
2014-10-21,17.75,17.85,17.40,17.60,1638000,17.60
2014-10-22,17.90,18.05,17.50,17.70,3103000,17.70
2014-10-23,17.60,17.90,17.45,17.50,1778000,17.50
2014-10-24,17.65,17.65,17.10,17.10,1491000,17.10
2014-10-27,17.10,17.20,15.95,15.95,5151000,15.95
2014-10-28,16.00,16.60,16.00,16.55,2210000,16.55
2014-10-29,16.80,17.25,16.70,17.10,3084000,17.10
2014-10-30,17.20,17.20,16.75,17.10,1186000,17.10
2014-10-31,17.20,17.30,17.00,17.20,1262000,17.20
2014-11-03,17.40,17.65,17.20,17.40,2236000,17.40
2014-11-04,17.50,17.55,17.15,17.25,1492000,17.25
2014-11-05,16.60,16.95,16.55,16.65,3454000,16.65
2014-11-06,16.50,16.75,16.15,16.25,2774000,16.25
2014-11-07,16.10,16.70,16.10,16.60,2133000,16.60
2014-11-10,16.60,16.90,16.40,16.40,2772000,16.40
2014-11-11,16.45,16.70,16.40,16.40,1151000,16.40
2014-11-12,16.20,16.40,16.15,16.20,889000,16.20
2014-11-13,16.25,16.65,16.25,16.40,1411000,16.40
2014-11-14,16.40,16.50,16.20,16.25,810000,16.25
2014-11-17,16.25,16.40,15.85,15.85,1507000,15.85
2014-11-18,15.85,16.00,14.75,14.80,5039000,14.80
2014-11-19,14.50,14.80,14.50,14.75,2333000,14.75
2014-11-20,14.75,15.05,14.50,15.00,2918000,15.00
2014-11-21,14.95,15.50,14.90,15.15,2677000,15.15
2014-11-24,15.15,15.30,14.85,14.85,984000,14.85
2014-11-25,14.80,15.25,14.80,15.10,1420000,15.10
2014-11-26,15.05,15.20,14.90,14.90,831000,14.90
2014-11-27,15.00,15.10,14.90,14.90,820000,14.90
2014-11-28,15.05,15.15,14.85,14.90,1771000,14.90
2014-12-01,13.90,14.50,13.90,14.40,1945000,14.40
2014-12-02,14.50,15.15,14.50,14.95,2616000,14.95
2014-12-03,15.15,15.95,15.00,15.95,7778000,15.95
2014-12-04,16.05,16.20,15.60,15.95,3819000,15.95
2014-12-05,16.30,16.80,16.20,16.70,6586000,16.70
2014-12-08,16.80,16.90,16.35,16.40,3676000,16.40
2014-12-09,16.30,16.60,16.25,16.35,2277000,16.35
2014-12-10,16.20,16.45,16.05,16.10,1901000,16.10
2014-12-11,15.95,16.20,15.75,15.95,2190000,15.95
2014-12-12,16.00,16.45,16.00,16.35,1621000,16.35
2014-12-15,16.10,16.15,15.80,16.10,1170000,16.10
2014-12-16,15.95,16.60,15.80,16.40,3428000,16.40
2014-12-17,16.60,17.45,16.60,17.30,9647000,17.30
2014-12-18,17.45,17.80,16.60,16.60,8015000,16.60
2014-12-19,16.95,17.15,16.30,16.80,4511000,16.80
2014-12-22,16.90,17.45,16.85,17.40,6243000,17.40
2014-12-23,17.50,17.55,17.00,17.15,2480000,17.15
2014-12-24,17.30,17.50,17.10,17.35,3264000,17.35
2014-12-25,17.50,17.55,17.20,17.25,1514000,17.25
2014-12-26,17.50,18.00,17.15,18.00,7735000,18.00
2014-12-29,19.25,19.40,18.60,18.65,8130000,18.65
2014-12-30,18.50,18.90,18.35,18.90,4421000,18.90
2014-12-31,18.90,19.35,18.80,18.90,4913000,18.90
2015-01-01,18.90,18.90,18.90,18.90,000,18.90
2015-01-02,18.90,18.90,18.90,18.90,000,18.90
2015-01-05,18.70,18.90,18.20,18.50,2980000,18.50
2015-01-06,18.05,18.10,17.35,17.75,5650000,17.75
2015-01-07,17.65,18.15,17.50,18.00,3130000,18.00
2015-01-08,18.50,19.20,18.30,19.15,10308000,19.15
2015-01-09,19.30,19.35,18.65,18.65,5289000,18.65
2015-01-12,18.70,19.00,18.55,18.65,2859000,18.65
2015-01-13,18.55,19.00,18.55,18.65,3671000,18.65
2015-01-14,18.75,18.90,18.55,18.65,2559000,18.65
2015-01-15,18.70,19.15,18.65,19.05,6365000,19.05
2015-01-16,18.90,18.90,18.00,18.00,4952000,18.00
2015-01-19,18.50,18.50,17.65,17.95,1850000,17.95
2015-01-20,18.00,18.80,18.00,18.70,2850000,18.70
2015-01-21,18.75,18.75,18.15,18.15,2139000,18.15
2015-01-22,18.20,18.40,18.00,18.00,2439000,18.00
2015-01-23,17.80,17.95,17.40,17.50,4768000,17.50
2015-01-26,17.50,17.75,17.45,17.55,1164000,17.55
2015-01-27,17.85,18.15,17.70,18.10,3865000,18.10
2015-01-28,18.05,18.50,17.95,18.20,3881000,18.20
2015-01-29,18.20,18.35,18.05,18.15,1695000,18.15
2015-01-30,18.35,18.45,18.05,18.05,2050000,18.05
2015-02-02,18.35,18.40,18.15,18.30,1517000,18.30
2015-02-03,18.60,19.30,18.50,18.50,7419000,18.50
2015-02-04,19.00,19.05,18.55,18.60,3722000,18.60
2015-02-05,18.60,18.60,18.30,18.45,1295000,18.45
2015-02-06,18.50,18.65,18.30,18.30,1197000,18.30
2015-02-09,18.30,18.50,18.10,18.10,1238259,0.0
2015-02-10,18.10,18.30,17.95,17.95,1256010,0.0
2015-02-11,18.10,18.40,17.95,17.95,1934606,0.0
2015-02-12,18.10,18.10,17.85,17.85,882000,0.0
